{
  "credit": "Made with Blockbench",
  "texture_size": [
    512,
    306
  ],
  "elements": [
    {
      "from": [
        13,
        0,
        7
      ],
      "to": [
        14,
        15,
        8
      ],
      "faces": {
        "north": {
          "uv": [
            0,
            0,
            0.03125,
            0.78431
          ],
          "texture": "#0"
        },
        "east": {
          "uv": [
            0,
            0,
            0.03125,
            0.78431
          ],
          "texture": "#0"
        },
        "south": {
          "uv": [
            0,
            0,
            0.03125,
            0.78431
          ],
          "texture": "#0"
        },
        "west": {
          "uv": [
            0,
            0,
            0.03125,
            0.78431
          ],
          "texture": "#0"
        },
        "up": {
          "uv": [
            0,
            0,
            0.03125,
            0.05229
          ],
          "texture": "#0"
        },
        "down": {
          "uv": [
            0,
            0,
            0.03125,
            0.05229
          ],
          "texture": "#0"
        }
      }
    },
    {
      "from": [
        1,
        8,
        7
      ],
      "to": [
        13,
        15,
        8
      ],
      "faces": {
        "north": {
          "uv": [
            0,
            0,
            16,
            16
          ],
          "texture": "#0"
        },
        "east": {
          "uv": [
            0.40625,
            3.13725,
            1.375,
            4.54902
          ],
          "texture": "#0"
        },
        "south": {
          "uv": [
            0,
            0,
            16,
            16
          ],
          "texture": "#0"
        },
        "west": {
          "uv": [
            0.5,
            0.52288,
            1.4375,
            2.30065
          ],
          "texture": "#0"
        },
        "up": {
          "uv": [
            0.53125,
            0.31373,
            1.40625,
            1.88235
          ],
          "texture": "#0"
        },
        "down": {
          "uv": [
            0.1875,
            1.51634,
            1.25,
            3.39869
          ],
          "texture": "#0"
        }
      }
    }
  ],
  "display": {
    "thirdperson_righthand": {
      "rotation": [
        0,
        -90,
        0
      ],
      "translation": [
        0,
        6.25,
        -4.25
      ]
    },
    "thirdperson_lefthand": {
      "rotation": [
        0,
        90,
        0
      ],
      "translation": [
        0,
        6.25,
        -4.25
      ]
    },
    "firstperson_righthand": {
      "translation": [
        -6.5,
        -0.5,
        0
      ],
      "scale": [
        2.55,
        2.49,
        2.08
      ]
    },
    "firstperson_lefthand": {
      "rotation": [
        0,
        -180,
        0
      ],
      "translation": [
        0,
        1.25,
        -1
      ]
    },
    "ground": {
      "translation": [
        0,
        4.25,
        0
      ]
    },
    "gui": {
      "rotation": [
        0,
        -180,
        0
      ]
    },
    "head": {
      "rotation": [
        0,
        90,
        0
      ],
      "translation": [
        0,
        9.5,
        5.5
      ]
    }
  }
}