{
  "_fv": 24,
  "_type": "structure",
  "definition": {
    "structure": "botania_blue_sanctuary",
    "randomlyRotateStructure": true,
    "surfaceDetectionType": "First motion blocking block",
    "spawnProbability": 8000,
    "minCountPerChunk": 1,
    "maxCountPerChunk": 1,
    "spawnLocation": "Ground",
    "spawnHeightOffset": 0,
    "spawnXOffset": 0,
    "spawnZOffset": 0,
    "spawnWorldTypes": [
      "Surface"
    ],
    "restrictionBlocks": [
      {
        "value": "Blocks.GRASS"
      },
      {
        "value": "Blocks.DIRT#2"
      }
    ],
    "restrictionBiomes": [
      {
        "value": "plains"
      }
    ],
    "ignoreBlocks": "STRUCTURE_BLOCK"
  }
}