{
	"__comment": "Designed by Ktos94852 with Cubik Studio - https://cubik.studio",
	"textures": {
		"particle": "musiccraft:blocks/planks",
		"texture": "musiccraft:blocks/planks",
		"piano_atlas": "musiccraft:blocks/piano"
	},
	"elements": [
		{
			"__comment": "Voxels",
			"from": [ -16, 26, 7.5 ],
			"to": [ 16, 26.5, 16 ],
			"faces": {
				"down": { "uv": [ 3.875, 14.9375, 7.875, 16 ], "texture": "#piano_atlas" },
				"up": { "uv": [ 3.875, 14.9375, 7.875, 13.875 ], "texture": "#piano_atlas" },
				"north": { "uv": [ 13.6875, 13.5, 9.6875, 13.5625 ], "texture": "#piano_atlas" },
				"south": { "uv": [ 9.6875, 13.4375, 13.6875, 13.5 ], "texture": "#piano_atlas" },
				"west": { "uv": [ 13.6875, 13.5, 14.75, 13.5625 ], "texture": "#piano_atlas" },
				"east": { "uv": [ 15.8125, 13.5, 14.75, 13.5625 ], "texture": "#piano_atlas" }
			}
		},
		{
			"__comment": "Voxels",
			"from": [ -15.5, 1, 8 ],
			"to": [ 15.5, 26, 15.5 ],
			"faces": {
				"down": { "uv": [ 3.875, 11.875, 7.75, 12.8125 ], "texture": "#piano_atlas" },
				"up": { "uv": [ 3.875, 11.875, 7.75, 10.9375 ], "texture": "#piano_atlas" },
				"north": { "uv": [ 3.875, 12.875, 0, 16 ], "texture": "#piano_atlas" },
				"south": { "uv": [ 0, 9.75, 3.875, 12.875 ], "texture": "#piano_atlas" },
				"west": { "uv": [ 7.875, 12.875, 8.8125, 16 ], "texture": "#piano_atlas" },
				"east": { "uv": [ 8.8125, 9.75, 7.875, 12.875 ], "texture": "#piano_atlas" }
			}
		},
		{
			"__comment": "Voxels",
			"from": [ -15.5, 26.5, 7.5 ],
			"to": [ 15.5, 27, 16 ],
			"faces": {
				"down": { "uv": [ 0, 8.6875, 3.875, 9.75 ], "texture": "#piano_atlas" },
				"up": { "uv": [ 3.875, 13.875, 7.75, 12.8125 ], "texture": "#piano_atlas" },
				"north": { "uv": [ 13.5625, 13.375, 9.6875, 13.4375 ], "texture": "#piano_atlas" },
				"south": { "uv": [ 9.6875, 13.3125, 13.5625, 13.375 ], "texture": "#piano_atlas" },
				"west": { "uv": [ 13.6875, 13.4375, 14.75, 13.5 ], "texture": "#piano_atlas" },
				"east": { "uv": [ 15.8125, 13.4375, 14.75, 13.5 ], "texture": "#piano_atlas" }
			}
		},
		{
			"__comment": "Voxels",
			"from": [ -15, 1, 1 ],
			"to": [ -13, 3.5, 8 ],
			"faces": {
				"down": { "uv": [ 8.25, 8.875, 8.5, 9.75 ], "texture": "#piano_atlas" },
				"up": { "uv": [ 8.5, 9.75, 8.75, 8.875 ], "texture": "#piano_atlas" },
				"north": { "uv": [ 9.6875, 10.9375, 9.4375, 11.25 ], "texture": "#piano_atlas" },
				"south": { "uv": [ 15.75, 14.0625, 16, 14.375 ], "texture": "#piano_atlas" },
				"west": { "uv": [ 8.8125, 12.9375, 9.6875, 13.25 ], "texture": "#piano_atlas" },
				"east": { "uv": [ 9.6875, 12.625, 8.8125, 12.9375 ], "texture": "#piano_atlas" }
			}
		},
		{
			"__comment": "Voxels",
			"from": [ -15, 3.5, 1 ],
			"to": [ -13.5, 4, 8 ],
			"faces": {
				"down": { "uv": [ 9.1875, 11.4375, 9.375, 12.3125 ], "texture": "#piano_atlas" },
				"up": { "uv": [ 9.375, 12.3125, 9.5625, 11.4375 ], "texture": "#piano_atlas" },
				"north": { "uv": [ 15.4375, 12.625, 15.25, 12.6875 ], "texture": "#piano_atlas" },
				"south": { "uv": [ 15.8125, 13.6875, 16, 13.75 ], "texture": "#piano_atlas" },
				"west": { "uv": [ 13.5625, 13.375, 14.4375, 13.4375 ], "texture": "#piano_atlas" },
				"east": { "uv": [ 15.3125, 13.375, 14.4375, 13.4375 ], "texture": "#piano_atlas" }
			}
		},
		{
			"__comment": "Voxels",
			"from": [ -15, 4, 2.5 ],
			"to": [ -13.5, 16, 3.5 ],
			"faces": {
				"down": { "uv": [ 15.8125, 13.5625, 16, 13.6875 ], "texture": "#piano_atlas" },
				"up": { "uv": [ 9.1875, 11.4375, 9.375, 11.3125 ], "texture": "#piano_atlas" },
				"north": { "uv": [ 8.0625, 8.25, 7.875, 9.75 ], "texture": "#piano_atlas" },
				"south": { "uv": [ 8.0625, 8.25, 8.25, 9.75 ], "texture": "#piano_atlas" },
				"west": { "uv": [ 8.9375, 9.75, 9.0625, 11.25 ], "texture": "#piano_atlas" },
				"east": { "uv": [ 8.9375, 9.75, 8.8125, 11.25 ], "texture": "#piano_atlas" }
			}
		},
		{
			"__comment": "Voxels",
			"from": [ -15, 11.5, 2 ],
			"to": [ -13.5, 16, 2.5 ],
			"faces": {
				"down": { "uv": [ 9.1875, 11.25, 9.375, 11.3125 ], "texture": "#piano_atlas" },
				"up": { "uv": [ 15.8125, 13.5625, 16, 13.5 ], "texture": "#piano_atlas" },
				"north": { "uv": [ 9.875, 11.625, 9.6875, 12.1875 ], "texture": "#piano_atlas" },
				"south": { "uv": [ 7.625, 8, 7.8125, 8.5625 ], "texture": "#piano_atlas" },
				"west": { "uv": [ 7.8125, 8, 7.875, 8.5625 ], "texture": "#piano_atlas" },
				"east": { "uv": [ 10, 8.3125, 9.9375, 8.875 ], "texture": "#piano_atlas" }
			}
		},
		{
			"__comment": "Voxels",
			"from": [ -15, 11.5, 3.5 ],
			"to": [ -13.5, 16, 4 ],
			"faces": {
				"down": { "uv": [ 15.8125, 13.4375, 16, 13.5 ], "texture": "#piano_atlas" },
				"up": { "uv": [ 15.8125, 13, 16, 12.9375 ], "texture": "#piano_atlas" },
				"north": { "uv": [ 9.5, 8.8125, 9.3125, 9.375 ], "texture": "#piano_atlas" },
				"south": { "uv": [ 9.5, 8.8125, 9.6875, 9.375 ], "texture": "#piano_atlas" },
				"west": { "uv": [ 10.125, 11.625, 10.1875, 12.1875 ], "texture": "#piano_atlas" },
				"east": { "uv": [ 10.0625, 8.3125, 10, 8.875 ], "texture": "#piano_atlas" }
			}
		},
		{
			"__comment": "Voxels",
			"from": [ -15, 12, 4 ],
			"to": [ -13.5, 16, 8 ],
			"faces": {
				"down": { "uv": [ 9.6875, 8.625, 9.875, 9.125 ], "texture": "#piano_atlas" },
				"up": { "uv": [ 9.6875, 10.125, 9.875, 9.625 ], "texture": "#piano_atlas" },
				"north": { "uv": [ 9.875, 10.125, 9.6875, 10.625 ], "texture": "#piano_atlas" },
				"south": { "uv": [ 9.6875, 9.125, 9.875, 9.625 ], "texture": "#piano_atlas" },
				"west": { "uv": [ 3.375, 8.1875, 3.875, 8.6875 ], "texture": "#piano_atlas" },
				"east": { "uv": [ 7.875, 10.4375, 7.375, 10.9375 ], "texture": "#piano_atlas" }
			}
		},
		{
			"__comment": "Voxels",
			"from": [ -15, 16, 7.5 ],
			"to": [ 15, 20, 8 ],
			"faces": {
				"down": { "uv": [ 9.6875, 13.25, 13.4375, 13.3125 ], "texture": "#piano_atlas" },
				"up": { "uv": [ 3.875, 8.0625, 7.625, 8 ], "texture": "#piano_atlas" },
				"north": { "uv": [ 12.5625, 14.75, 8.8125, 15.25 ], "texture": "#piano_atlas" },
				"south": { "uv": [ 3.875, 8.0625, 7.625, 8.5625 ], "texture": "#piano_atlas" },
				"west": { "uv": [ 10.125, 10.125, 10.1875, 10.625 ], "texture": "#piano_atlas" },
				"east": { "uv": [ 10.1875, 9.625, 10.125, 10.125 ], "texture": "#piano_atlas" }
			}
		},
		{
			"__comment": "Voxels",
			"from": [ -15, 20, 7.5 ],
			"to": [ -13.5, 26, 8 ],
			"faces": {
				"down": { "uv": [ 13.4375, 12.6875, 13.625, 12.75 ], "texture": "#piano_atlas" },
				"up": { "uv": [ 13.625, 12.75, 13.8125, 12.6875 ], "texture": "#piano_atlas" },
				"north": { "uv": [ 7.5625, 8.5625, 7.375, 9.3125 ], "texture": "#piano_atlas" },
				"south": { "uv": [ 7.5625, 8.5625, 7.75, 9.3125 ], "texture": "#piano_atlas" },
				"west": { "uv": [ 7.8125, 8.5625, 7.875, 9.3125 ], "texture": "#piano_atlas" },
				"east": { "uv": [ 16, 15.25, 15.9375, 16 ], "texture": "#piano_atlas" }
			}
		},
		{
			"__comment": "Voxels",
			"from": [ -14.5, 0, 1.5 ],
			"to": [ -13.5, 1, 3.5 ],
			"faces": {
				"down": { "uv": [ 15.8125, 14.5, 15.9375, 14.75 ], "texture": "#piano_atlas" },
				"up": { "uv": [ 9.0625, 10.125, 9.1875, 9.875 ], "texture": "#piano_atlas" },
				"north": { "uv": [ 8.9375, 8, 8.8125, 8.125 ], "texture": "#piano_atlas" },
				"south": { "uv": [ 9.9375, 8.1875, 10.0625, 8.3125 ], "texture": "#piano_atlas" },
				"west": { "uv": [ 8.9375, 8.0625, 9.1875, 8.1875 ], "texture": "#piano_atlas" },
				"east": { "uv": [ 9.4375, 8.0625, 9.1875, 8.1875 ], "texture": "#piano_atlas" }
			}
		},
		{
			"__comment": "Voxels",
			"from": [ -14.5, 4, 2 ],
			"to": [ -14, 11.5, 2.5 ],
			"faces": {
				"down": { "uv": [ 15.625, 12.5, 15.6875, 12.5625 ], "texture": "#piano_atlas" },
				"up": { "uv": [ 15.6875, 12.5625, 15.75, 12.5 ], "texture": "#piano_atlas" },
				"north": { "uv": [ 10.0625, 9.8125, 10, 10.75 ], "texture": "#piano_atlas" },
				"south": { "uv": [ 9.9375, 9.8125, 10, 10.75 ], "texture": "#piano_atlas" },
				"west": { "uv": [ 9.875, 9.8125, 9.9375, 10.75 ], "texture": "#piano_atlas" },
				"east": { "uv": [ 10.0625, 10.75, 10, 11.6875 ], "texture": "#piano_atlas" }
			}
		},
		{
			"__comment": "Voxels",
			"from": [ -14.5, 4, 3.5 ],
			"to": [ -14, 11.5, 4 ],
			"faces": {
				"down": { "uv": [ 13.3125, 12.4375, 13.375, 12.5 ], "texture": "#piano_atlas" },
				"up": { "uv": [ 13.375, 12.5, 13.4375, 12.4375 ], "texture": "#piano_atlas" },
				"north": { "uv": [ 10.125, 9.375, 10.0625, 10.3125 ], "texture": "#piano_atlas" },
				"south": { "uv": [ 10.0625, 11.25, 10.125, 12.1875 ], "texture": "#piano_atlas" },
				"west": { "uv": [ 9.9375, 8.875, 10, 9.8125 ], "texture": "#piano_atlas" },
				"east": { "uv": [ 10.0625, 8.875, 10, 9.8125 ], "texture": "#piano_atlas" }
			}
		},
		{
			"__comment": "Voxels",
			"from": [ -14.5, 11.5, 1.5 ],
			"to": [ -13.5, 16, 2 ],
			"faces": {
				"down": { "uv": [ 14.25, 12.5625, 14.375, 12.625 ], "texture": "#piano_atlas" },
				"up": { "uv": [ 14.375, 12.625, 14.5, 12.5625 ], "texture": "#piano_atlas" },
				"north": { "uv": [ 7.875, 11.3125, 7.75, 11.875 ], "texture": "#piano_atlas" },
				"south": { "uv": [ 7.75, 12.25, 7.875, 12.8125 ], "texture": "#piano_atlas" },
				"west": { "uv": [ 10.0625, 8.8125, 10.125, 9.375 ], "texture": "#piano_atlas" },
				"east": { "uv": [ 10.125, 8.25, 10.0625, 8.8125 ], "texture": "#piano_atlas" }
			}
		},
		{
			"__comment": "Voxels",
			"from": [ -14.5, 11.5, 4 ],
			"to": [ -14, 12, 8 ],
			"faces": {
				"down": { "uv": [ 10.125, 11.125, 10.1875, 11.625 ], "texture": "#piano_atlas" },
				"up": { "uv": [ 10.125, 11.125, 10.1875, 10.625 ], "texture": "#piano_atlas" },
				"north": { "uv": [ 13.5, 12.4375, 13.4375, 12.5 ], "texture": "#piano_atlas" },
				"south": { "uv": [ 13.5, 12.4375, 13.5625, 12.5 ], "texture": "#piano_atlas" },
				"west": { "uv": [ 13.6875, 13.0625, 14.1875, 13.125 ], "texture": "#piano_atlas" },
				"east": { "uv": [ 3.875, 8, 3.375, 8.0625 ], "texture": "#piano_atlas" }
			}
		},
		{
			"__comment": "Voxels",
			"from": [ -14, 11, 2 ],
			"to": [ -13.5, 11.5, 2.5 ],
			"faces": {
				"down": { "uv": [ 13.9375, 12.4375, 14, 12.5 ], "texture": "#piano_atlas" },
				"up": { "uv": [ 14, 12.5, 14.0625, 12.4375 ], "texture": "#piano_atlas" },
				"north": { "uv": [ 14.125, 12.4375, 14.0625, 12.5 ], "texture": "#piano_atlas" },
				"south": { "uv": [ 14.125, 12.4375, 14.1875, 12.5 ], "texture": "#piano_atlas" },
				"west": { "uv": [ 14.5625, 12.4375, 14.625, 12.5 ], "texture": "#piano_atlas" },
				"east": { "uv": [ 14.6875, 12.4375, 14.625, 12.5 ], "texture": "#piano_atlas" }
			}
		},
		{
			"__comment": "Voxels",
			"from": [ -14, 16, 6.5 ],
			"to": [ 14, 17, 7.5 ],
			"faces": {
				"down": { "uv": [ 12.3125, 13.75, 15.8125, 13.875 ], "texture": "#piano_atlas" },
				"up": { "uv": [ 12.1875, 14.1875, 15.6875, 14.0625 ], "texture": "#piano_atlas" },
				"north": { "uv": [ 15.8125, 13.5625, 12.3125, 13.6875 ], "texture": "#piano_atlas" },
				"south": { "uv": [ 8.8125, 13.5625, 12.3125, 13.6875 ], "texture": "#piano_atlas" },
				"west": { "uv": [ 10.25, 9.875, 10.375, 10 ], "texture": "#piano_atlas" },
				"east": { "uv": [ 10.375, 9.75, 10.25, 9.875 ], "texture": "#piano_atlas" }
			}
		},
		{
			"__comment": "Voxels",
			"from": [ -14, 17, 7 ],
			"to": [ 14, 20, 7.5 ],
			"faces": {
				"down": { "uv": [ 9.6875, 12.9375, 13.1875, 13 ], "texture": "#piano_atlas" },
				"up": { "uv": [ 9.6875, 13.0625, 13.1875, 13 ], "texture": "#piano_atlas" },
				"north": { "uv": [ 12.3125, 14.375, 8.8125, 14.75 ], "texture": "#piano_atlas" },
				"south": { "uv": [ 12.3125, 14.375, 15.8125, 14.75 ], "texture": "#piano_atlas" },
				"west": { "uv": [ 9.625, 9.75, 9.6875, 10.125 ], "texture": "#piano_atlas" },
				"east": { "uv": [ 10.1875, 8.25, 10.125, 8.625 ], "texture": "#piano_atlas" }
			}
		},
		{
			"__comment": "Voxels",
			"from": [ -14, 19.5, 6.5 ],
			"to": [ 14, 20, 7 ],
			"faces": {
				"down": { "uv": [ 9.6875, 12.8125, 13.1875, 12.875 ], "texture": "#piano_atlas" },
				"up": { "uv": [ 12.3125, 13.75, 15.8125, 13.6875 ], "texture": "#piano_atlas" },
				"north": { "uv": [ 13.1875, 12.5, 9.6875, 12.5625 ], "texture": "#piano_atlas" },
				"south": { "uv": [ 9.6875, 12.4375, 13.1875, 12.5 ], "texture": "#piano_atlas" },
				"west": { "uv": [ 13.4375, 12.375, 13.5, 12.4375 ], "texture": "#piano_atlas" },
				"east": { "uv": [ 13.4375, 12.375, 13.375, 12.4375 ], "texture": "#piano_atlas" }
			}
		},
		{
			"__comment": "Voxels",
			"from": [ -14, 20, 6 ],
			"to": [ 14, 20.5, 6.5 ],
			"faces": {
				"down": { "uv": [ 9.6875, 12.6875, 13.1875, 12.75 ], "texture": "#piano_atlas" },
				"up": { "uv": [ 9.6875, 12.9375, 13.1875, 12.875 ], "texture": "#piano_atlas" },
				"north": { "uv": [ 13.1875, 12.5625, 9.6875, 12.625 ], "texture": "#piano_atlas" },
				"south": { "uv": [ 9.6875, 12.625, 13.1875, 12.6875 ], "texture": "#piano_atlas" },
				"west": { "uv": [ 13.3125, 12.375, 13.375, 12.4375 ], "texture": "#piano_atlas" },
				"east": { "uv": [ 13.3125, 12.375, 13.25, 12.4375 ], "texture": "#piano_atlas" }
			}
		},
		{
			"__comment": "Voxels",
			"from": [ -13.5, 3.5, 7.5 ],
			"to": [ -13, 4, 8 ],
			"faces": {
				"down": { "uv": [ 13.1875, 12.375, 13.25, 12.4375 ], "texture": "#piano_atlas" },
				"up": { "uv": [ 13.125, 12.4375, 13.1875, 12.375 ], "texture": "#piano_atlas" },
				"north": { "uv": [ 15.9375, 12.4375, 15.875, 12.5 ], "texture": "#piano_atlas" },
				"south": { "uv": [ 15.8125, 12.4375, 15.875, 12.5 ], "texture": "#piano_atlas" },
				"west": { "uv": [ 15.0625, 12.5, 15.125, 12.5625 ], "texture": "#piano_atlas" },
				"east": { "uv": [ 15.6875, 12.4375, 15.625, 12.5 ], "texture": "#piano_atlas" }
			}
		},
		{
			"__comment": "Voxels",
			"from": [ -13.5, 12.5, 1.5 ],
			"to": [ 14.5, 14, 8 ],
			"faces": {
				"down": { "uv": [ 3.875, 10.125, 7.375, 10.9375 ], "texture": "#piano_atlas" },
				"up": { "uv": [ 3.875, 10.125, 7.375, 9.3125 ], "texture": "#piano_atlas" },
				"north": { "uv": [ 15.875, 13.875, 12.375, 14.0625 ], "texture": "#piano_atlas" },
				"south": { "uv": [ 8.8125, 13.6875, 12.3125, 13.875 ], "texture": "#piano_atlas" },
				"west": { "uv": [ 8.8125, 9.5625, 9.625, 9.75 ], "texture": "#piano_atlas" },
				"east": { "uv": [ 9.625, 9.375, 8.8125, 9.5625 ], "texture": "#piano_atlas" }
			}
		},
		{
			"__comment": "Voxels",
			"from": [ -13.5, 14, 1.5 ],
			"to": [ -13, 14.5, 8 ],
			"faces": {
				"down": { "uv": [ 7.8125, 9.3125, 7.875, 10.125 ], "texture": "#piano_atlas" },
				"up": { "uv": [ 7.75, 10.125, 7.8125, 9.3125 ], "texture": "#piano_atlas" },
				"north": { "uv": [ 15.625, 12.4375, 15.5625, 12.5 ], "texture": "#piano_atlas" },
				"south": { "uv": [ 15.375, 12.4375, 15.4375, 12.5 ], "texture": "#piano_atlas" },
				"west": { "uv": [ 13.4375, 13.25, 14.25, 13.3125 ], "texture": "#piano_atlas" },
				"east": { "uv": [ 16, 13.3125, 15.1875, 13.375 ], "texture": "#piano_atlas" }
			}
		},
		{
			"__comment": "Voxels",
			"from": [ -13.5, 14.5, 2 ],
			"to": [ -12, 15, 8 ],
			"faces": {
				"down": { "uv": [ 9.25, 10.125, 9.4375, 10.875 ], "texture": "#piano_atlas" },
				"up": { "uv": [ 9.4375, 10.875, 9.625, 10.125 ], "texture": "#piano_atlas" },
				"north": { "uv": [ 15.875, 12.6875, 15.6875, 12.75 ], "texture": "#piano_atlas" },
				"south": { "uv": [ 13.1875, 12.625, 13.375, 12.6875 ], "texture": "#piano_atlas" },
				"west": { "uv": [ 14, 13.1875, 14.75, 13.25 ], "texture": "#piano_atlas" },
				"east": { "uv": [ 15, 13.25, 14.25, 13.3125 ], "texture": "#piano_atlas" }
			}
		},
		{
			"__comment": "Voxels",
			"from": [ -13.5, 15, 2.5 ],
			"to": [ -12, 15.5, 8 ],
			"faces": {
				"down": { "uv": [ 9.125, 8.6875, 9.3125, 9.375 ], "texture": "#piano_atlas" },
				"up": { "uv": [ 8.9375, 9.375, 9.125, 8.6875 ], "texture": "#piano_atlas" },
				"north": { "uv": [ 13.5625, 12.625, 13.375, 12.6875 ], "texture": "#piano_atlas" },
				"south": { "uv": [ 13.5625, 12.625, 13.75, 12.6875 ], "texture": "#piano_atlas" },
				"west": { "uv": [ 14.75, 13.1875, 15.4375, 13.25 ], "texture": "#piano_atlas" },
				"east": { "uv": [ 16, 13.375, 15.3125, 13.4375 ], "texture": "#piano_atlas" }
			}
		},
		{
			"__comment": "Voxels",
			"from": [ -13.5, 15.5, 6.5 ],
			"to": [ 15, 16, 8 ],
			"faces": {
				"down": { "uv": [ 12.1875, 14.1875, 15.75, 14.375 ], "texture": "#piano_atlas" },
				"up": { "uv": [ 8.8125, 14.0625, 12.375, 13.875 ], "texture": "#piano_atlas" },
				"north": { "uv": [ 13.25, 13.125, 9.6875, 13.1875 ], "texture": "#piano_atlas" },
				"south": { "uv": [ 9.6875, 13.1875, 13.25, 13.25 ], "texture": "#piano_atlas" },
				"west": { "uv": [ 13.75, 12.625, 13.9375, 12.6875 ], "texture": "#piano_atlas" },
				"east": { "uv": [ 14.125, 12.625, 13.9375, 12.6875 ], "texture": "#piano_atlas" }
			}
		},
		{
			"__comment": "Voxels",
			"from": [ -13.5, 20, 6.5 ],
			"to": [ 13.5, 20.5, 7 ],
			"faces": {
				"down": { "uv": [ 9.6875, 12.375, 13.0625, 12.4375 ], "texture": "#piano_atlas" },
				"up": { "uv": [ 9.6875, 12.25, 13.0625, 12.1875 ], "texture": "#piano_atlas" },
				"north": { "uv": [ 15.9375, 14.75, 12.5625, 14.8125 ], "texture": "#piano_atlas" },
				"south": { "uv": [ 9.6875, 12.3125, 13.0625, 12.375 ], "texture": "#piano_atlas" },
				"west": { "uv": [ 15.3125, 12.4375, 15.375, 12.5 ], "texture": "#piano_atlas" },
				"east": { "uv": [ 15.1875, 12.4375, 15.125, 12.5 ], "texture": "#piano_atlas" }
			}
		},
		{
			"__comment": "Voxels",
			"from": [ -13, 14, 2 ],
			"to": [ 15, 14.5, 8 ],
			"faces": {
				"down": { "uv": [ 8.8125, 15.25, 12.3125, 16 ], "texture": "#piano_atlas" },
				"up": { "uv": [ 3.875, 9.3125, 7.375, 8.5625 ], "texture": "#piano_atlas" },
				"north": { "uv": [ 13.1875, 12.75, 9.6875, 12.8125 ], "texture": "#piano_atlas" },
				"south": { "uv": [ 9.6875, 13.0625, 13.1875, 13.125 ], "texture": "#piano_atlas" },
				"west": { "uv": [ 15, 13.25, 15.75, 13.3125 ], "texture": "#piano_atlas" },
				"east": { "uv": [ 14, 13.1875, 13.25, 13.25 ], "texture": "#piano_atlas" }
			}
		},
		{
			"__comment": "Voxels",
			"from": [ -12, 14.5, 2.5 ],
			"to": [ 15, 15, 8 ],
			"faces": {
				"down": { "uv": [ 12.3125, 15.3125, 15.6875, 16 ], "texture": "#piano_atlas" },
				"up": { "uv": [ 0, 8.6875, 3.375, 8 ], "texture": "#piano_atlas" },
				"north": { "uv": [ 13.0625, 12.25, 9.6875, 12.3125 ], "texture": "#piano_atlas" },
				"south": { "uv": [ 12.5625, 14.8125, 15.9375, 14.875 ], "texture": "#piano_atlas" },
				"west": { "uv": [ 13.25, 13.125, 13.9375, 13.1875 ], "texture": "#piano_atlas" },
				"east": { "uv": [ 14.625, 13.125, 13.9375, 13.1875 ], "texture": "#piano_atlas" }
			}
		},
		{
			"__comment": "Voxels",
			"from": [ -12, 15, 5.5 ],
			"to": [ 15, 15.5, 8 ],
			"faces": {
				"down": { "uv": [ 8.8125, 14.0625, 12.1875, 14.375 ], "texture": "#piano_atlas" },
				"up": { "uv": [ 12.5625, 15.25, 15.9375, 14.9375 ], "texture": "#piano_atlas" },
				"north": { "uv": [ 15.9375, 14.875, 12.5625, 14.9375 ], "texture": "#piano_atlas" },
				"south": { "uv": [ 12.3125, 15.25, 15.6875, 15.3125 ], "texture": "#piano_atlas" },
				"west": { "uv": [ 9.375, 11.25, 9.6875, 11.3125 ], "texture": "#piano_atlas" },
				"east": { "uv": [ 16, 13.0625, 15.6875, 13.125 ], "texture": "#piano_atlas" }
			}
		},
		{
			"__comment": "Voxels",
			"from": [ -11.5, 15, 3.5 ],
			"to": [ -11, 15.5, 5.5 ],
			"faces": {
				"down": { "uv": [ 10.3125, 9, 10.375, 9.25 ], "texture": "#piano_atlas" },
				"up": { "uv": [ 10.1875, 9, 10.25, 8.75 ], "texture": "#piano_atlas" },
				"north": { "uv": [ 15.125, 12.4375, 15.0625, 12.5 ], "texture": "#piano_atlas" },
				"south": { "uv": [ 13.625, 12.375, 13.6875, 12.4375 ], "texture": "#piano_atlas" },
				"west": { "uv": [ 13.6875, 12.875, 13.9375, 12.9375 ], "texture": "#piano_atlas" },
				"east": { "uv": [ 14.1875, 12.875, 13.9375, 12.9375 ], "texture": "#piano_atlas" }
			}
		},
		{
			"__comment": "Voxels",
			"from": [ -11, 0, 14 ],
			"to": [ -9.5, 1, 15 ],
			"faces": {
				"down": { "uv": [ 10.1875, 11.9375, 10.375, 12.0625 ], "texture": "#piano_atlas" },
				"up": { "uv": [ 10.1875, 11.9375, 10.375, 11.8125 ], "texture": "#piano_atlas" },
				"north": { "uv": [ 10.375, 11.6875, 10.1875, 11.8125 ], "texture": "#piano_atlas" },
				"south": { "uv": [ 10.1875, 11.5625, 10.375, 11.6875 ], "texture": "#piano_atlas" },
				"west": { "uv": [ 10.1875, 9.625, 10.3125, 9.75 ], "texture": "#piano_atlas" },
				"east": { "uv": [ 10.3125, 9.5, 10.1875, 9.625 ], "texture": "#piano_atlas" }
			}
		},
		{
			"__comment": "Voxels",
			"from": [ -10.5, 15, 3.5 ],
			"to": [ -10, 15.5, 5.5 ],
			"faces": {
				"down": { "uv": [ 10.1875, 9.25, 10.25, 9.5 ], "texture": "#piano_atlas" },
				"up": { "uv": [ 10.25, 9.5, 10.3125, 9.25 ], "texture": "#piano_atlas" },
				"north": { "uv": [ 15.5625, 12.4375, 15.5, 12.5 ], "texture": "#piano_atlas" },
				"south": { "uv": [ 15.4375, 12.4375, 15.5, 12.5 ], "texture": "#piano_atlas" },
				"west": { "uv": [ 14.4375, 12.875, 14.6875, 12.9375 ], "texture": "#piano_atlas" },
				"east": { "uv": [ 15.9375, 12.875, 15.6875, 12.9375 ], "texture": "#piano_atlas" }
			}
		},
		{
			"__comment": "Voxels",
			"from": [ -9, 15, 3.5 ],
			"to": [ -8.5, 15.5, 5.5 ],
			"faces": {
				"down": { "uv": [ 10.25, 9, 10.3125, 9.25 ], "texture": "#piano_atlas" },
				"up": { "uv": [ 10.25, 9, 10.3125, 8.75 ], "texture": "#piano_atlas" },
				"north": { "uv": [ 15.0625, 12.4375, 15, 12.5 ], "texture": "#piano_atlas" },
				"south": { "uv": [ 14.9375, 12.4375, 15, 12.5 ], "texture": "#piano_atlas" },
				"west": { "uv": [ 13.4375, 12.8125, 13.6875, 12.875 ], "texture": "#piano_atlas" },
				"east": { "uv": [ 13.9375, 12.8125, 13.6875, 12.875 ], "texture": "#piano_atlas" }
			}
		},
		{
			"__comment": "Voxels",
			"from": [ -8, 15, 3.5 ],
			"to": [ -7.5, 15.5, 5.5 ],
			"faces": {
				"down": { "uv": [ 10.3125, 8.75, 10.375, 9 ], "texture": "#piano_atlas" },
				"up": { "uv": [ 10.1875, 8.75, 10.25, 8.5 ], "texture": "#piano_atlas" },
				"north": { "uv": [ 14.4375, 12.4375, 14.375, 12.5 ], "texture": "#piano_atlas" },
				"south": { "uv": [ 14.3125, 12.4375, 14.375, 12.5 ], "texture": "#piano_atlas" },
				"west": { "uv": [ 14.1875, 12.8125, 14.4375, 12.875 ], "texture": "#piano_atlas" },
				"east": { "uv": [ 14.6875, 12.8125, 14.4375, 12.875 ], "texture": "#piano_atlas" }
			}
		},
		{
			"__comment": "Voxels",
			"from": [ -7, 15, 3.5 ],
			"to": [ -6.5, 15.5, 5.5 ],
			"faces": {
				"down": { "uv": [ 10.25, 8.25, 10.3125, 8.5 ], "texture": "#piano_atlas" },
				"up": { "uv": [ 10.3125, 8.5, 10.375, 8.25 ], "texture": "#piano_atlas" },
				"north": { "uv": [ 15.875, 12.5, 15.8125, 12.5625 ], "texture": "#piano_atlas" },
				"south": { "uv": [ 15.75, 12.5, 15.8125, 12.5625 ], "texture": "#piano_atlas" },
				"west": { "uv": [ 14.6875, 12.8125, 14.9375, 12.875 ], "texture": "#piano_atlas" },
				"east": { "uv": [ 15.4375, 12.8125, 15.1875, 12.875 ], "texture": "#piano_atlas" }
			}
		},
		{
			"__comment": "Voxels",
			"from": [ -5.5, 15, 3.5 ],
			"to": [ -5, 15.5, 5.5 ],
			"faces": {
				"down": { "uv": [ 10.3125, 8, 10.375, 8.25 ], "texture": "#piano_atlas" },
				"up": { "uv": [ 10.375, 11.9375, 10.4375, 11.6875 ], "texture": "#piano_atlas" },
				"north": { "uv": [ 14.9375, 12.5, 14.875, 12.5625 ], "texture": "#piano_atlas" },
				"south": { "uv": [ 14.8125, 12.5, 14.875, 12.5625 ], "texture": "#piano_atlas" },
				"west": { "uv": [ 15.4375, 12.8125, 15.6875, 12.875 ], "texture": "#piano_atlas" },
				"east": { "uv": [ 13.6875, 12.75, 13.4375, 12.8125 ], "texture": "#piano_atlas" }
			}
		},
		{
			"__comment": "Voxels",
			"from": [ -4.5, 15, 3.5 ],
			"to": [ -4, 15.5, 5.5 ],
			"faces": {
				"down": { "uv": [ 10.375, 11.3125, 10.4375, 11.5625 ], "texture": "#piano_atlas" },
				"up": { "uv": [ 10.375, 11.1875, 10.4375, 10.9375 ], "texture": "#piano_atlas" },
				"north": { "uv": [ 14.5625, 12.5, 14.5, 12.5625 ], "texture": "#piano_atlas" },
				"south": { "uv": [ 14.4375, 12.5, 14.5, 12.5625 ], "texture": "#piano_atlas" },
				"west": { "uv": [ 14.6875, 12.75, 14.9375, 12.8125 ], "texture": "#piano_atlas" },
				"east": { "uv": [ 15.6875, 12.75, 15.4375, 12.8125 ], "texture": "#piano_atlas" }
			}
		},
		{
			"__comment": "Voxels",
			"from": [ -3, 15, 3.5 ],
			"to": [ -2.5, 15.5, 5.5 ],
			"faces": {
				"down": { "uv": [ 10.4375, 10.1875, 10.5, 10.4375 ], "texture": "#piano_atlas" },
				"up": { "uv": [ 8, 8.25, 8.0625, 8 ], "texture": "#piano_atlas" },
				"north": { "uv": [ 13.5625, 12.375, 13.5, 12.4375 ], "texture": "#piano_atlas" },
				"south": { "uv": [ 14.4375, 12.4375, 14.5, 12.5 ], "texture": "#piano_atlas" },
				"west": { "uv": [ 15.0625, 12.9375, 15.3125, 13 ], "texture": "#piano_atlas" },
				"east": { "uv": [ 15.5625, 12.9375, 15.3125, 13 ], "texture": "#piano_atlas" }
			}
		},
		{
			"__comment": "Voxels",
			"from": [ -2, 1.5, 7.5 ],
			"to": [ 2, 2.5, 8 ],
			"faces": {
				"down": { "uv": [ 15.1875, 13.0625, 15.6875, 13.125 ], "texture": "#piano_atlas" },
				"up": { "uv": [ 13.1875, 13.0625, 13.6875, 13 ], "texture": "#piano_atlas" },
				"north": { "uv": [ 3.875, 8.0625, 3.375, 8.1875 ], "texture": "#piano_atlas" },
				"south": { "uv": [ 8.9375, 8.1875, 9.4375, 8.3125 ], "texture": "#piano_atlas" },
				"west": { "uv": [ 15.6875, 14.0625, 15.75, 14.1875 ], "texture": "#piano_atlas" },
				"east": { "uv": [ 10.5, 9.5, 10.4375, 9.625 ], "texture": "#piano_atlas" }
			}
		},
		{
			"__comment": "Voxels",
			"from": [ -2, 2, 4.5 ],
			"to": [ -1, 2.5, 6 ],
			"faces": {
				"down": { "uv": [ 10.1875, 11.375, 10.3125, 11.5625 ], "texture": "#piano_atlas" },
				"up": { "uv": [ 10.1875, 11.375, 10.3125, 11.1875 ], "texture": "#piano_atlas" },
				"north": { "uv": [ 14.4375, 12.5, 14.3125, 12.5625 ], "texture": "#piano_atlas" },
				"south": { "uv": [ 14.125, 12.5625, 14.25, 12.625 ], "texture": "#piano_atlas" },
				"west": { "uv": [ 14.125, 12.625, 14.3125, 12.6875 ], "texture": "#piano_atlas" },
				"east": { "uv": [ 14.5, 12.625, 14.3125, 12.6875 ], "texture": "#piano_atlas" }
			}
		},
		{
			"__comment": "Voxels",
			"from": [ -2, 2.5, 7.5 ],
			"to": [ -1, 3, 8 ],
			"faces": {
				"down": { "uv": [ 15, 12.5625, 15.125, 12.625 ], "texture": "#piano_atlas" },
				"up": { "uv": [ 14.875, 12.625, 15, 12.5625 ], "texture": "#piano_atlas" },
				"north": { "uv": [ 13.3125, 12.5, 13.1875, 12.5625 ], "texture": "#piano_atlas" },
				"south": { "uv": [ 14.5, 12.5625, 14.625, 12.625 ], "texture": "#piano_atlas" },
				"west": { "uv": [ 15.9375, 12.875, 16, 12.9375 ], "texture": "#piano_atlas" },
				"east": { "uv": [ 16, 13, 15.9375, 13.0625 ], "texture": "#piano_atlas" }
			}
		},
		{
			"__comment": "Voxels",
			"from": [ -2, 15, 3.5 ],
			"to": [ -1.5, 15.5, 5.5 ],
			"faces": {
				"down": { "uv": [ 10.1875, 9.75, 10.25, 10 ], "texture": "#piano_atlas" },
				"up": { "uv": [ 10.3125, 10.25, 10.375, 10 ], "texture": "#piano_atlas" },
				"north": { "uv": [ 15.625, 12.5, 15.5625, 12.5625 ], "texture": "#piano_atlas" },
				"south": { "uv": [ 13.6875, 12.4375, 13.75, 12.5 ], "texture": "#piano_atlas" },
				"west": { "uv": [ 14.3125, 12.9375, 14.5625, 13 ], "texture": "#piano_atlas" },
				"east": { "uv": [ 16, 13.25, 15.75, 13.3125 ], "texture": "#piano_atlas" }
			}
		},
		{
			"__comment": "Voxels",
			"from": [ -1.5, 2, 6 ],
			"to": [ -1, 2.5, 7.5 ],
			"faces": {
				"down": { "uv": [ 10.3125, 11, 10.375, 11.1875 ], "texture": "#piano_atlas" },
				"up": { "uv": [ 10.3125, 11, 10.375, 10.8125 ], "texture": "#piano_atlas" },
				"north": { "uv": [ 15.0625, 12.5, 15, 12.5625 ], "texture": "#piano_atlas" },
				"south": { "uv": [ 15.125, 12.5, 15.1875, 12.5625 ], "texture": "#piano_atlas" },
				"west": { "uv": [ 13.75, 12.5625, 13.9375, 12.625 ], "texture": "#piano_atlas" },
				"east": { "uv": [ 14.1875, 12.6875, 14, 12.75 ], "texture": "#piano_atlas" }
			}
		},
		{
			"__comment": "Voxels",
			"from": [ -1, 15, 3.5 ],
			"to": [ -0.5, 15.5, 5.5 ],
			"faces": {
				"down": { "uv": [ 10.1875, 8.25, 10.25, 8.5 ], "texture": "#piano_atlas" },
				"up": { "uv": [ 10.3125, 8.75, 10.375, 8.5 ], "texture": "#piano_atlas" },
				"north": { "uv": [ 13.875, 12.4375, 13.8125, 12.5 ], "texture": "#piano_atlas" },
				"south": { "uv": [ 13.875, 12.4375, 13.9375, 12.5 ], "texture": "#piano_atlas" },
				"west": { "uv": [ 14.1875, 12.875, 14.4375, 12.9375 ], "texture": "#piano_atlas" },
				"east": { "uv": [ 13.4375, 12.8125, 13.1875, 12.875 ], "texture": "#piano_atlas" }
			}
		},
		{
			"__comment": "Voxels",
			"from": [ -0.5, 2, 4.5 ],
			"to": [ 0.5, 2.5, 7.5 ],
			"faces": {
				"down": { "uv": [ 7.75, 11.875, 7.875, 12.25 ], "texture": "#piano_atlas" },
				"up": { "uv": [ 7.75, 11.3125, 7.875, 10.9375 ], "texture": "#piano_atlas" },
				"north": { "uv": [ 14.3125, 12.5, 14.1875, 12.5625 ], "texture": "#piano_atlas" },
				"south": { "uv": [ 14.0625, 12.5, 14.1875, 12.5625 ], "texture": "#piano_atlas" },
				"west": { "uv": [ 13.5625, 12.9375, 13.9375, 13 ], "texture": "#piano_atlas" },
				"east": { "uv": [ 14.3125, 12.9375, 13.9375, 13 ], "texture": "#piano_atlas" }
			}
		},
		{
			"__comment": "Voxels",
			"from": [ -0.5, 2.5, 7.5 ],
			"to": [ 0.5, 3, 8 ],
			"faces": {
				"down": { "uv": [ 13.9375, 12.5, 14.0625, 12.5625 ], "texture": "#piano_atlas" },
				"up": { "uv": [ 13.8125, 12.5625, 13.9375, 12.5 ], "texture": "#piano_atlas" },
				"north": { "uv": [ 13.8125, 12.5, 13.6875, 12.5625 ], "texture": "#piano_atlas" },
				"south": { "uv": [ 13.5625, 12.5, 13.6875, 12.5625 ], "texture": "#piano_atlas" },
				"west": { "uv": [ 13.25, 12.4375, 13.3125, 12.5 ], "texture": "#piano_atlas" },
				"east": { "uv": [ 13.25, 12.4375, 13.1875, 12.5 ], "texture": "#piano_atlas" }
			}
		},
		{
			"__comment": "Voxels",
			"from": [ 0.5, 15, 3.5 ],
			"to": [ 1, 15.5, 5.5 ],
			"faces": {
				"down": { "uv": [ 10.1875, 8, 10.25, 8.25 ], "texture": "#piano_atlas" },
				"up": { "uv": [ 10.25, 8.25, 10.3125, 8 ], "texture": "#piano_atlas" },
				"north": { "uv": [ 15.5, 12.5, 15.4375, 12.5625 ], "texture": "#piano_atlas" },
				"south": { "uv": [ 15.375, 12.5, 15.4375, 12.5625 ], "texture": "#piano_atlas" },
				"west": { "uv": [ 9.4375, 10.875, 9.6875, 10.9375 ], "texture": "#piano_atlas" },
				"east": { "uv": [ 15.1875, 12.8125, 14.9375, 12.875 ], "texture": "#piano_atlas" }
			}
		},
		{
			"__comment": "Voxels",
			"from": [ 1, 2, 4.5 ],
			"to": [ 2, 2.5, 6 ],
			"faces": {
				"down": { "uv": [ 10.1875, 11, 10.3125, 11.1875 ], "texture": "#piano_atlas" },
				"up": { "uv": [ 10.1875, 11, 10.3125, 10.8125 ], "texture": "#piano_atlas" },
				"north": { "uv": [ 14.875, 12.5625, 14.75, 12.625 ], "texture": "#piano_atlas" },
				"south": { "uv": [ 15.75, 12.5625, 15.875, 12.625 ], "texture": "#piano_atlas" },
				"west": { "uv": [ 14.5, 12.625, 14.6875, 12.6875 ], "texture": "#piano_atlas" },
				"east": { "uv": [ 14.875, 12.625, 14.6875, 12.6875 ], "texture": "#piano_atlas" }
			}
		},
		{
			"__comment": "Voxels",
			"from": [ 1, 2, 6 ],
			"to": [ 1.5, 2.5, 7.5 ],
			"faces": {
				"down": { "uv": [ 10.3125, 11.375, 10.375, 11.5625 ], "texture": "#piano_atlas" },
				"up": { "uv": [ 10.3125, 11.375, 10.375, 11.1875 ], "texture": "#piano_atlas" },
				"north": { "uv": [ 14.75, 12.5, 14.6875, 12.5625 ], "texture": "#piano_atlas" },
				"south": { "uv": [ 14.625, 12.5, 14.6875, 12.5625 ], "texture": "#piano_atlas" },
				"west": { "uv": [ 14.875, 12.625, 15.0625, 12.6875 ], "texture": "#piano_atlas" },
				"east": { "uv": [ 15.25, 12.625, 15.0625, 12.6875 ], "texture": "#piano_atlas" }
			}
		},
		{
			"__comment": "Voxels",
			"from": [ 1, 2.5, 7.5 ],
			"to": [ 2, 3, 8 ],
			"faces": {
				"down": { "uv": [ 15.375, 12.5625, 15.5, 12.625 ], "texture": "#piano_atlas" },
				"up": { "uv": [ 15.25, 12.625, 15.375, 12.5625 ], "texture": "#piano_atlas" },
				"north": { "uv": [ 16, 12.6875, 15.875, 12.75 ], "texture": "#piano_atlas" },
				"south": { "uv": [ 15.875, 12.5625, 16, 12.625 ], "texture": "#piano_atlas" },
				"west": { "uv": [ 15.9375, 14.8125, 16, 14.875 ], "texture": "#piano_atlas" },
				"east": { "uv": [ 16, 14.875, 15.9375, 14.9375 ], "texture": "#piano_atlas" }
			}
		},
		{
			"__comment": "Voxels",
			"from": [ 1.5, 15, 3.5 ],
			"to": [ 2, 15.5, 5.5 ],
			"faces": {
				"down": { "uv": [ 10.4375, 10.9375, 10.5, 11.1875 ], "texture": "#piano_atlas" },
				"up": { "uv": [ 10.375, 10.6875, 10.4375, 10.4375 ], "texture": "#piano_atlas" },
				"north": { "uv": [ 14.8125, 12.4375, 14.75, 12.5 ], "texture": "#piano_atlas" },
				"south": { "uv": [ 14.5625, 12.5, 14.625, 12.5625 ], "texture": "#piano_atlas" },
				"west": { "uv": [ 14.9375, 12.75, 15.1875, 12.8125 ], "texture": "#piano_atlas" },
				"east": { "uv": [ 15.4375, 12.75, 15.1875, 12.8125 ], "texture": "#piano_atlas" }
			}
		},
		{
			"__comment": "Voxels",
			"from": [ 3, 15, 3.5 ],
			"to": [ 3.5, 15.5, 5.5 ],
			"faces": {
				"down": { "uv": [ 10.4375, 10.4375, 10.5, 10.6875 ], "texture": "#piano_atlas" },
				"up": { "uv": [ 10.375, 10.4375, 10.4375, 10.1875 ], "texture": "#piano_atlas" },
				"north": { "uv": [ 14.75, 12.4375, 14.6875, 12.5 ], "texture": "#piano_atlas" },
				"south": { "uv": [ 13.6875, 12.375, 13.75, 12.4375 ], "texture": "#piano_atlas" },
				"west": { "uv": [ 15.6875, 12.75, 15.9375, 12.8125 ], "texture": "#piano_atlas" },
				"east": { "uv": [ 13.4375, 12.6875, 13.1875, 12.75 ], "texture": "#piano_atlas" }
			}
		},
		{
			"__comment": "Voxels",
			"from": [ 4, 15, 3.5 ],
			"to": [ 4.5, 15.5, 5.5 ],
			"faces": {
				"down": { "uv": [ 10.375, 9.9375, 10.4375, 10.1875 ], "texture": "#piano_atlas" },
				"up": { "uv": [ 10.4375, 10.1875, 10.5, 9.9375 ], "texture": "#piano_atlas" },
				"north": { "uv": [ 13.625, 12.375, 13.5625, 12.4375 ], "texture": "#piano_atlas" },
				"south": { "uv": [ 14.5, 12.4375, 14.5625, 12.5 ], "texture": "#piano_atlas" },
				"west": { "uv": [ 8.9375, 8, 9.1875, 8.0625 ], "texture": "#piano_atlas" },
				"east": { "uv": [ 9.4375, 8, 9.1875, 8.0625 ], "texture": "#piano_atlas" }
			}
		},
		{
			"__comment": "Voxels",
			"from": [ 5, 15, 3.5 ],
			"to": [ 5.5, 15.5, 5.5 ],
			"faces": {
				"down": { "uv": [ 15.9375, 14.5, 16, 14.75 ], "texture": "#piano_atlas" },
				"up": { "uv": [ 9.1875, 10.125, 9.25, 9.875 ], "texture": "#piano_atlas" },
				"north": { "uv": [ 14.25, 12.4375, 14.1875, 12.5 ], "texture": "#piano_atlas" },
				"south": { "uv": [ 13.75, 12.4375, 13.8125, 12.5 ], "texture": "#piano_atlas" },
				"west": { "uv": [ 14.5625, 12.9375, 14.8125, 13 ], "texture": "#piano_atlas" },
				"east": { "uv": [ 15.0625, 12.9375, 14.8125, 13 ], "texture": "#piano_atlas" }
			}
		},
		{
			"__comment": "Voxels",
			"from": [ 6.5, 15, 3.5 ],
			"to": [ 7, 15.5, 5.5 ],
			"faces": {
				"down": { "uv": [ 10.0625, 8, 10.125, 8.25 ], "texture": "#piano_atlas" },
				"up": { "uv": [ 10.125, 8.25, 10.1875, 8 ], "texture": "#piano_atlas" },
				"north": { "uv": [ 13.6875, 12.4375, 13.625, 12.5 ], "texture": "#piano_atlas" },
				"south": { "uv": [ 13.5625, 12.4375, 13.625, 12.5 ], "texture": "#piano_atlas" },
				"west": { "uv": [ 15.5625, 12.9375, 15.8125, 13 ], "texture": "#piano_atlas" },
				"east": { "uv": [ 13.4375, 12.875, 13.1875, 12.9375 ], "texture": "#piano_atlas" }
			}
		},
		{
			"__comment": "Voxels",
			"from": [ 7.5, 15, 3.5 ],
			"to": [ 8, 15.5, 5.5 ],
			"faces": {
				"down": { "uv": [ 10.1875, 10, 10.25, 10.25 ], "texture": "#piano_atlas" },
				"up": { "uv": [ 10.25, 10.25, 10.3125, 10 ], "texture": "#piano_atlas" },
				"north": { "uv": [ 15.5625, 12.5, 15.5, 12.5625 ], "texture": "#piano_atlas" },
				"south": { "uv": [ 15.3125, 12.5, 15.375, 12.5625 ], "texture": "#piano_atlas" },
				"west": { "uv": [ 13.4375, 12.875, 13.6875, 12.9375 ], "texture": "#piano_atlas" },
				"east": { "uv": [ 14.9375, 12.875, 14.6875, 12.9375 ], "texture": "#piano_atlas" }
			}
		},
		{
			"__comment": "Voxels",
			"from": [ 9, 15, 3.5 ],
			"to": [ 9.5, 15.5, 5.5 ],
			"faces": {
				"down": { "uv": [ 10.3125, 9.25, 10.375, 9.5 ], "texture": "#piano_atlas" },
				"up": { "uv": [ 10.1875, 9.25, 10.25, 9 ], "texture": "#piano_atlas" },
				"north": { "uv": [ 15.3125, 12.5, 15.25, 12.5625 ], "texture": "#piano_atlas" },
				"south": { "uv": [ 15.1875, 12.5, 15.25, 12.5625 ], "texture": "#piano_atlas" },
				"west": { "uv": [ 15.4375, 12.875, 15.6875, 12.9375 ], "texture": "#piano_atlas" },
				"east": { "uv": [ 14.1875, 12.8125, 13.9375, 12.875 ], "texture": "#piano_atlas" }
			}
		},
		{
			"__comment": "Voxels",
			"from": [ 9.5, 0, 14 ],
			"to": [ 11, 1, 15 ],
			"faces": {
				"down": { "uv": [ 10.1875, 10.6875, 10.375, 10.8125 ], "texture": "#piano_atlas" },
				"up": { "uv": [ 10.1875, 10.6875, 10.375, 10.5625 ], "texture": "#piano_atlas" },
				"north": { "uv": [ 16, 14.375, 15.8125, 14.5 ], "texture": "#piano_atlas" },
				"south": { "uv": [ 15.8125, 13.75, 16, 13.875 ], "texture": "#piano_atlas" },
				"west": { "uv": [ 10.375, 11.5625, 10.5, 11.6875 ], "texture": "#piano_atlas" },
				"east": { "uv": [ 10.5, 11.1875, 10.375, 11.3125 ], "texture": "#piano_atlas" }
			}
		},
		{
			"__comment": "Voxels",
			"from": [ 10, 15, 3.5 ],
			"to": [ 10.5, 15.5, 5.5 ],
			"faces": {
				"down": { "uv": [ 10.4375, 11.3125, 10.5, 11.5625 ], "texture": "#piano_atlas" },
				"up": { "uv": [ 8.1875, 8.25, 8.25, 8 ], "texture": "#piano_atlas" },
				"north": { "uv": [ 14.3125, 12.4375, 14.25, 12.5 ], "texture": "#piano_atlas" },
				"south": { "uv": [ 15.9375, 13.1875, 16, 13.25 ], "texture": "#piano_atlas" },
				"west": { "uv": [ 13.1875, 12.75, 13.4375, 12.8125 ], "texture": "#piano_atlas" },
				"east": { "uv": [ 15.9375, 12.8125, 15.6875, 12.875 ], "texture": "#piano_atlas" }
			}
		},
		{
			"__comment": "Voxels",
			"from": [ 11, 15, 3.5 ],
			"to": [ 11.5, 15.5, 5.5 ],
			"faces": {
				"down": { "uv": [ 10.4375, 11.6875, 10.5, 11.9375 ], "texture": "#piano_atlas" },
				"up": { "uv": [ 10.25, 8.75, 10.3125, 8.5 ], "texture": "#piano_atlas" },
				"north": { "uv": [ 14.8125, 12.5, 14.75, 12.5625 ], "texture": "#piano_atlas" },
				"south": { "uv": [ 14.9375, 12.5, 15, 12.5625 ], "texture": "#piano_atlas" },
				"west": { "uv": [ 15.1875, 12.875, 15.4375, 12.9375 ], "texture": "#piano_atlas" },
				"east": { "uv": [ 15.1875, 12.875, 14.9375, 12.9375 ], "texture": "#piano_atlas" }
			}
		},
		{
			"__comment": "Voxels",
			"from": [ 12, 14.5, 2 ],
			"to": [ 15, 15, 2.5 ],
			"faces": {
				"down": { "uv": [ 15.625, 13.125, 16, 13.1875 ], "texture": "#piano_atlas" },
				"up": { "uv": [ 13.1875, 13, 13.5625, 12.9375 ], "texture": "#piano_atlas" },
				"north": { "uv": [ 14.0625, 13, 13.6875, 13.0625 ], "texture": "#piano_atlas" },
				"south": { "uv": [ 14.0625, 13, 14.4375, 13.0625 ], "texture": "#piano_atlas" },
				"west": { "uv": [ 15.875, 12.5, 15.9375, 12.5625 ], "texture": "#piano_atlas" },
				"east": { "uv": [ 16, 12.5, 15.9375, 12.5625 ], "texture": "#piano_atlas" }
			}
		},
		{
			"__comment": "Voxels",
			"from": [ 12, 15, 2.5 ],
			"to": [ 15, 15.5, 5.5 ],
			"faces": {
				"down": { "uv": [ 9.0625, 10.875, 9.4375, 11.25 ], "texture": "#piano_atlas" },
				"up": { "uv": [ 9.25, 10.125, 9.625, 9.75 ], "texture": "#piano_atlas" },
				"north": { "uv": [ 14.8125, 13, 14.4375, 13.0625 ], "texture": "#piano_atlas" },
				"south": { "uv": [ 14.8125, 13, 15.1875, 13.0625 ], "texture": "#piano_atlas" },
				"west": { "uv": [ 15.1875, 13, 15.5625, 13.0625 ], "texture": "#piano_atlas" },
				"east": { "uv": [ 15.9375, 13, 15.5625, 13.0625 ], "texture": "#piano_atlas" }
			}
		},
		{
			"__comment": "Voxels",
			"from": [ 13, 1, 1 ],
			"to": [ 15, 3.5, 8 ],
			"faces": {
				"down": { "uv": [ 8.5, 8, 8.75, 8.875 ], "texture": "#piano_atlas" },
				"up": { "uv": [ 8.25, 8.875, 8.5, 8 ], "texture": "#piano_atlas" },
				"north": { "uv": [ 7.625, 10.125, 7.375, 10.4375 ], "texture": "#piano_atlas" },
				"south": { "uv": [ 7.625, 10.125, 7.875, 10.4375 ], "texture": "#piano_atlas" },
				"west": { "uv": [ 8.8125, 12.3125, 9.6875, 12.625 ], "texture": "#piano_atlas" },
				"east": { "uv": [ 9.6875, 13.25, 8.8125, 13.5625 ], "texture": "#piano_atlas" }
			}
		},
		{
			"__comment": "Voxels",
			"from": [ 13, 3.5, 7.5 ],
			"to": [ 15, 4, 8 ],
			"faces": {
				"down": { "uv": [ 14.4375, 12.75, 14.6875, 12.8125 ], "texture": "#piano_atlas" },
				"up": { "uv": [ 14.1875, 12.8125, 14.4375, 12.75 ], "texture": "#piano_atlas" },
				"north": { "uv": [ 14.1875, 12.75, 13.9375, 12.8125 ], "texture": "#piano_atlas" },
				"south": { "uv": [ 13.6875, 12.75, 13.9375, 12.8125 ], "texture": "#piano_atlas" },
				"west": { "uv": [ 15.9375, 14.75, 16, 14.8125 ], "texture": "#piano_atlas" },
				"east": { "uv": [ 9.6875, 10.125, 9.625, 10.1875 ], "texture": "#piano_atlas" }
			}
		},
		{
			"__comment": "Voxels",
			"from": [ 13, 14, 1.5 ],
			"to": [ 14.5, 14.5, 2 ],
			"faces": {
				"down": { "uv": [ 15.4375, 12.625, 15.625, 12.6875 ], "texture": "#piano_atlas" },
				"up": { "uv": [ 15.625, 12.6875, 15.8125, 12.625 ], "texture": "#piano_atlas" },
				"north": { "uv": [ 16, 12.625, 15.8125, 12.6875 ], "texture": "#piano_atlas" },
				"south": { "uv": [ 13.1875, 12.5625, 13.375, 12.625 ], "texture": "#piano_atlas" },
				"west": { "uv": [ 15.9375, 12.8125, 16, 12.875 ], "texture": "#piano_atlas" },
				"east": { "uv": [ 16, 12.75, 15.9375, 12.8125 ], "texture": "#piano_atlas" }
			}
		},
		{
			"__comment": "Voxels",
			"from": [ 13.5, 0, 1.5 ],
			"to": [ 14.5, 1, 3.5 ],
			"faces": {
				"down": { "uv": [ 8.0625, 8, 8.1875, 8.25 ], "texture": "#piano_atlas" },
				"up": { "uv": [ 7.875, 8.25, 8, 8 ], "texture": "#piano_atlas" },
				"north": { "uv": [ 10.5, 10.6875, 10.375, 10.8125 ], "texture": "#piano_atlas" },
				"south": { "uv": [ 10.375, 10.8125, 10.5, 10.9375 ], "texture": "#piano_atlas" },
				"west": { "uv": [ 9.375, 11.3125, 9.625, 11.4375 ], "texture": "#piano_atlas" },
				"east": { "uv": [ 9.6875, 8.1875, 9.4375, 8.3125 ], "texture": "#piano_atlas" }
			}
		},
		{
			"__comment": "Voxels",
			"from": [ 13.5, 3.5, 1 ],
			"to": [ 15, 4, 7.5 ],
			"faces": {
				"down": { "uv": [ 7.375, 9.3125, 7.5625, 10.125 ], "texture": "#piano_atlas" },
				"up": { "uv": [ 7.5625, 10.125, 7.75, 9.3125 ], "texture": "#piano_atlas" },
				"north": { "uv": [ 13.5625, 12.5625, 13.375, 12.625 ], "texture": "#piano_atlas" },
				"south": { "uv": [ 13.5625, 12.5625, 13.75, 12.625 ], "texture": "#piano_atlas" },
				"west": { "uv": [ 13.5625, 13.3125, 14.375, 13.375 ], "texture": "#piano_atlas" },
				"east": { "uv": [ 15.1875, 13.3125, 14.375, 13.375 ], "texture": "#piano_atlas" }
			}
		},
		{
			"__comment": "Voxels",
			"from": [ 13.5, 4, 2.5 ],
			"to": [ 15, 12.5, 3.5 ],
			"faces": {
				"down": { "uv": [ 9.0625, 9.75, 9.25, 9.875 ], "texture": "#piano_atlas" },
				"up": { "uv": [ 9.3125, 8.8125, 9.5, 8.6875 ], "texture": "#piano_atlas" },
				"north": { "uv": [ 9, 11.25, 8.8125, 12.3125 ], "texture": "#piano_atlas" },
				"south": { "uv": [ 9, 11.25, 9.1875, 12.3125 ], "texture": "#piano_atlas" },
				"west": { "uv": [ 8.8125, 8.3125, 8.9375, 9.375 ], "texture": "#piano_atlas" },
				"east": { "uv": [ 7.875, 12.8125, 7.75, 13.875 ], "texture": "#piano_atlas" }
			}
		},
		{
			"__comment": "Voxels",
			"from": [ 13.5, 11, 2 ],
			"to": [ 14.5, 12.5, 2.5 ],
			"faces": {
				"down": { "uv": [ 15.5, 12.5625, 15.625, 12.625 ], "texture": "#piano_atlas" },
				"up": { "uv": [ 15.625, 12.625, 15.75, 12.5625 ], "texture": "#piano_atlas" },
				"north": { "uv": [ 16, 13.875, 15.875, 14.0625 ], "texture": "#piano_atlas" },
				"south": { "uv": [ 8.8125, 8.125, 8.9375, 8.3125 ], "texture": "#piano_atlas" },
				"west": { "uv": [ 10.375, 9.75, 10.4375, 9.9375 ], "texture": "#piano_atlas" },
				"east": { "uv": [ 10.5, 9.75, 10.4375, 9.9375 ], "texture": "#piano_atlas" }
			}
		},
		{
			"__comment": "Voxels",
			"from": [ 13.5, 11.5, 1.5 ],
			"to": [ 14.5, 12.5, 2 ],
			"faces": {
				"down": { "uv": [ 14.625, 12.5625, 14.75, 12.625 ], "texture": "#piano_atlas" },
				"up": { "uv": [ 15.125, 12.625, 15.25, 12.5625 ], "texture": "#piano_atlas" },
				"north": { "uv": [ 10.5, 11.9375, 10.375, 12.0625 ], "texture": "#piano_atlas" },
				"south": { "uv": [ 10.375, 12.0625, 10.5, 12.1875 ], "texture": "#piano_atlas" },
				"west": { "uv": [ 9.625, 11.3125, 9.6875, 11.4375 ], "texture": "#piano_atlas" },
				"east": { "uv": [ 10.375, 9.625, 10.3125, 9.75 ], "texture": "#piano_atlas" }
			}
		},
		{
			"__comment": "Voxels",
			"from": [ 13.5, 11.5, 3.5 ],
			"to": [ 15, 12.5, 4 ],
			"faces": {
				"down": { "uv": [ 13.9375, 12.5625, 14.125, 12.625 ], "texture": "#piano_atlas" },
				"up": { "uv": [ 13.8125, 12.75, 14, 12.6875 ], "texture": "#piano_atlas" },
				"north": { "uv": [ 9.6875, 8.6875, 9.5, 8.8125 ], "texture": "#piano_atlas" },
				"south": { "uv": [ 10.1875, 12.0625, 10.375, 12.1875 ], "texture": "#piano_atlas" },
				"west": { "uv": [ 10.3125, 9.5, 10.375, 9.625 ], "texture": "#piano_atlas" },
				"east": { "uv": [ 10.4375, 9.625, 10.375, 9.75 ], "texture": "#piano_atlas" }
			}
		},
		{
			"__comment": "Voxels",
			"from": [ 13.5, 12, 4 ],
			"to": [ 15, 12.5, 8 ],
			"faces": {
				"down": { "uv": [ 9.875, 11.6875, 10.0625, 12.1875 ], "texture": "#piano_atlas" },
				"up": { "uv": [ 9.6875, 8.625, 9.875, 8.125 ], "texture": "#piano_atlas" },
				"north": { "uv": [ 14.375, 12.6875, 14.1875, 12.75 ], "texture": "#piano_atlas" },
				"south": { "uv": [ 14.375, 12.6875, 14.5625, 12.75 ], "texture": "#piano_atlas" },
				"west": { "uv": [ 14.625, 13.125, 15.125, 13.1875 ], "texture": "#piano_atlas" },
				"east": { "uv": [ 15.9375, 13.1875, 15.4375, 13.25 ], "texture": "#piano_atlas" }
			}
		},
		{
			"__comment": "Voxels",
			"from": [ 13.5, 14.5, 1.5 ],
			"to": [ 14.5, 16, 2 ],
			"faces": {
				"down": { "uv": [ 13.3125, 12.5, 13.4375, 12.5625 ], "texture": "#piano_atlas" },
				"up": { "uv": [ 13.4375, 12.5625, 13.5625, 12.5 ], "texture": "#piano_atlas" },
				"north": { "uv": [ 9.5625, 8, 9.4375, 8.1875 ], "texture": "#piano_atlas" },
				"south": { "uv": [ 9.5625, 8, 9.6875, 8.1875 ], "texture": "#piano_atlas" },
				"west": { "uv": [ 9.625, 9.5625, 9.6875, 9.75 ], "texture": "#piano_atlas" },
				"east": { "uv": [ 9.6875, 9.375, 9.625, 9.5625 ], "texture": "#piano_atlas" }
			}
		},
		{
			"__comment": "Voxels",
			"from": [ 13.5, 15, 2 ],
			"to": [ 15, 16, 2.5 ],
			"faces": {
				"down": { "uv": [ 14.5625, 12.6875, 14.75, 12.75 ], "texture": "#piano_atlas" },
				"up": { "uv": [ 14.75, 12.75, 14.9375, 12.6875 ], "texture": "#piano_atlas" },
				"north": { "uv": [ 9.875, 8, 9.6875, 8.125 ], "texture": "#piano_atlas" },
				"south": { "uv": [ 9.875, 8.0625, 10.0625, 8.1875 ], "texture": "#piano_atlas" },
				"west": { "uv": [ 10.4375, 9.625, 10.5, 9.75 ], "texture": "#piano_atlas" },
				"east": { "uv": [ 10.4375, 9.5, 10.375, 9.625 ], "texture": "#piano_atlas" }
			}
		},
		{
			"__comment": "Voxels",
			"from": [ 13.5, 15.5, 2.5 ],
			"to": [ 15, 16, 6.5 ],
			"faces": {
				"down": { "uv": [ 9.6875, 10.625, 9.875, 11.125 ], "texture": "#piano_atlas" },
				"up": { "uv": [ 9.6875, 11.625, 9.875, 11.125 ], "texture": "#piano_atlas" },
				"north": { "uv": [ 15.125, 12.6875, 14.9375, 12.75 ], "texture": "#piano_atlas" },
				"south": { "uv": [ 15.125, 12.6875, 15.3125, 12.75 ], "texture": "#piano_atlas" },
				"west": { "uv": [ 14.6875, 13.0625, 15.1875, 13.125 ], "texture": "#piano_atlas" },
				"east": { "uv": [ 14.6875, 13.0625, 14.1875, 13.125 ], "texture": "#piano_atlas" }
			}
		},
		{
			"__comment": "Voxels",
			"from": [ 13.5, 20, 7.5 ],
			"to": [ 15, 26, 8 ],
			"faces": {
				"down": { "uv": [ 15.3125, 12.6875, 15.5, 12.75 ], "texture": "#piano_atlas" },
				"up": { "uv": [ 15.5, 12.75, 15.6875, 12.6875 ], "texture": "#piano_atlas" },
				"north": { "uv": [ 9.25, 10.125, 9.0625, 10.875 ], "texture": "#piano_atlas" },
				"south": { "uv": [ 15.6875, 15.25, 15.875, 16 ], "texture": "#piano_atlas" },
				"west": { "uv": [ 15.875, 15.25, 15.9375, 16 ], "texture": "#piano_atlas" },
				"east": { "uv": [ 7.8125, 8.5625, 7.75, 9.3125 ], "texture": "#piano_atlas" }
			}
		},
		{
			"__comment": "Voxels",
			"from": [ 14, 4, 2 ],
			"to": [ 14.5, 11, 2.5 ],
			"faces": {
				"down": { "uv": [ 14.8125, 12.4375, 14.875, 12.5 ], "texture": "#piano_atlas" },
				"up": { "uv": [ 14.875, 12.5, 14.9375, 12.4375 ], "texture": "#piano_atlas" },
				"north": { "uv": [ 8.8125, 8.875, 8.75, 9.75 ], "texture": "#piano_atlas" },
				"south": { "uv": [ 8.75, 8, 8.8125, 8.875 ], "texture": "#piano_atlas" },
				"west": { "uv": [ 9.5625, 11.4375, 9.625, 12.3125 ], "texture": "#piano_atlas" },
				"east": { "uv": [ 9.6875, 11.4375, 9.625, 12.3125 ], "texture": "#piano_atlas" }
			}
		},
		{
			"__comment": "Voxels",
			"from": [ 14, 4, 3.5 ],
			"to": [ 14.5, 11.5, 4 ],
			"faces": {
				"down": { "uv": [ 15.1875, 12.4375, 15.25, 12.5 ], "texture": "#piano_atlas" },
				"up": { "uv": [ 15.25, 12.5, 15.3125, 12.4375 ], "texture": "#piano_atlas" },
				"north": { "uv": [ 9.9375, 10.75, 9.875, 11.6875 ], "texture": "#piano_atlas" },
				"south": { "uv": [ 9.9375, 10.75, 10, 11.6875 ], "texture": "#piano_atlas" },
				"west": { "uv": [ 10.0625, 10.3125, 10.125, 11.25 ], "texture": "#piano_atlas" },
				"east": { "uv": [ 9.9375, 8.875, 9.875, 9.8125 ], "texture": "#piano_atlas" }
			}
		},
		{
			"__comment": "Voxels",
			"from": [ 14, 11.5, 4 ],
			"to": [ 14.5, 12, 8 ],
			"faces": {
				"down": { "uv": [ 10.125, 8.625, 10.1875, 9.125 ], "texture": "#piano_atlas" },
				"up": { "uv": [ 10.125, 9.625, 10.1875, 9.125 ], "texture": "#piano_atlas" },
				"north": { "uv": [ 15.75, 12.4375, 15.6875, 12.5 ], "texture": "#piano_atlas" },
				"south": { "uv": [ 15.75, 12.4375, 15.8125, 12.5 ], "texture": "#piano_atlas" },
				"west": { "uv": [ 13.1875, 13.0625, 13.6875, 13.125 ], "texture": "#piano_atlas" },
				"east": { "uv": [ 15.625, 13.125, 15.125, 13.1875 ], "texture": "#piano_atlas" }
			}
		},
		{
			"__comment": "Voxels",
			"from": [ 14.5, 11.5, 2 ],
			"to": [ 15, 14, 2.5 ],
			"faces": {
				"down": { "uv": [ 15.9375, 12.4375, 16, 12.5 ], "texture": "#piano_atlas" },
				"up": { "uv": [ 13.0625, 12.4375, 13.125, 12.375 ], "texture": "#piano_atlas" },
				"north": { "uv": [ 10.25, 10.25, 10.1875, 10.5625 ], "texture": "#piano_atlas" },
				"south": { "uv": [ 15.9375, 14.9375, 16, 15.25 ], "texture": "#piano_atlas" },
				"west": { "uv": [ 10.3125, 10.25, 10.375, 10.5625 ], "texture": "#piano_atlas" },
				"east": { "uv": [ 10.3125, 10.25, 10.25, 10.5625 ], "texture": "#piano_atlas" }
			}
		},
		{
			"__comment": "Voxels",
			"from": [ 14.5, 12.5, 2.5 ],
			"to": [ 15, 14, 8 ],
			"faces": {
				"down": { "uv": [ 9.625, 10.1875, 9.6875, 10.875 ], "texture": "#piano_atlas" },
				"up": { "uv": [ 9.875, 8.875, 9.9375, 8.1875 ], "texture": "#piano_atlas" },
				"north": { "uv": [ 9.6875, 8.5, 9.625, 8.6875 ], "texture": "#piano_atlas" },
				"south": { "uv": [ 9.625, 8.3125, 9.6875, 8.5 ], "texture": "#piano_atlas" },
				"west": { "uv": [ 8.9375, 8.5, 9.625, 8.6875 ], "texture": "#piano_atlas" },
				"east": { "uv": [ 9.625, 8.3125, 8.9375, 8.5 ], "texture": "#piano_atlas" }
			}
		}
	],
	"display": {
		"thirdperson_righthand": {
			"rotation":  [ 75, 135, 0 ],
			"translation":  [ -1.391, 2.5, 0 ],
			"scale":  [ 0.2, 0.2, 0.2 ]
		},
		"thirdperson_lefthand": {
			"rotation":  [ 75, 135, 0 ],
			"translation":  [ 0.0003, 1.1086, 0 ],
			"scale":  [ 0.2, 0.2, 0.2 ]
		},
		"firstperson_righthand": {
			"rotation":  [ 0, 135, 0 ],
			"translation":  [ -2.782, 1.3913, 0 ],
			"scale":  [ 0.3, 0.3, 0.3 ]
		},
		"firstperson_lefthand": {
			"rotation":  [ 0, 135, 0 ],
			"translation":  [ 2.7832, 0.2031, 0 ],
			"scale":  [ 0.3, 0.3, 0.3 ]
		},
		"gui": {
			"rotation":  [ 30, 135, 0 ],
			"translation":  [ -2.2, -1, 0 ],
			"scale":  [ 0.38, 0.38, 0.38 ]
		},
		"ground": {
			"translation":  [ 1.7, 3, 0 ],
			"scale":  [ 0.25, 0.25, 0.25 ]
		},
		"fixed": {
			"rotation":  [ 0, 180, 0 ],
			"translation":  [ -4, -3.3, 4.17 ],
			"scale":  [ 0.5, 0.5, 0.5 ]
		}
	}
}