{
	"credit": "Made with Blockbench",
	"textures": {
		"0": "gem_br",
		"particle": "gem_br"
	},
	"elements": [
		{
			"name": "niz",
			"from": [4, 0, 0],
			"to": [12, 1, 1],
			"faces": {
				"north": {"uv": [4, 15, 12, 16], "texture": "#0"},
				"east": {"uv": [9, 15, 10, 16], "texture": "#0"},
				"south": {"uv": [4, 15, 12, 16], "texture": "#0"},
				"west": {"uv": [7, 15, 8, 16], "texture": "#0"},
				"up": {"uv": [4, 15, 12, 16], "texture": "#0"},
				"down": {"uv": [4, 15, 12, 16], "texture": "#0"}
			}
		},
		{
			"name": "verh",
			"from": [4, 0, 15],
			"to": [12, 1, 16],
			"faces": {
				"north": {"uv": [4, 0, 12, 1], "texture": "#0"},
				"east": {"uv": [4, 0, 5, 1], "texture": "#0"},
				"south": {"uv": [4, 0, 12, 1], "texture": "#0"},
				"west": {"uv": [11, 0, 12, 1], "texture": "#0"},
				"up": {"uv": [4, 0, 12, 1], "texture": "#0"},
				"down": {"uv": [4, 0, 12, 1], "texture": "#0"}
			}
		},
		{
			"name": "nnw",
			"from": [3, 0, 1],
			"to": [4, 1, 15],
			"faces": {
				"north": {"uv": [3, 14, 4, 15], "texture": "#0"},
				"east": {"uv": [3, 1, 4, 2], "texture": "#0"},
				"south": {"uv": [3, 1, 4, 2], "texture": "#0"},
				"west": {"uv": [3, 14, 4, 15], "texture": "#0"},
				"up": {"uv": [4, 1, 3, 15], "texture": "#0"},
				"down": {"uv": [3, 1, 4, 15], "texture": "#0"}
			}
		},
		{
			"name": "nnw",
			"from": [2, 0, 2],
			"to": [3, 1, 14],
			"faces": {
				"north": {"uv": [3, 14, 4, 15], "texture": "#0"},
				"east": {"uv": [3, 1, 4, 2], "texture": "#0"},
				"south": {"uv": [3, 1, 4, 2], "texture": "#0"},
				"west": {"uv": [3, 14, 4, 15], "texture": "#0"},
				"up": {"uv": [3, 2, 2, 14], "texture": "#0"},
				"down": {"uv": [2, 2, 3, 14], "texture": "#0"}
			}
		},
		{
			"name": "nnw",
			"from": [1, 0, 3],
			"to": [2, 1, 13],
			"faces": {
				"north": {"uv": [3, 14, 4, 15], "texture": "#0"},
				"east": {"uv": [3, 1, 4, 2], "texture": "#0"},
				"south": {"uv": [3, 1, 4, 2], "texture": "#0"},
				"west": {"uv": [3, 14, 4, 15], "texture": "#0"},
				"up": {"uv": [2, 3, 1, 13], "texture": "#0"},
				"down": {"uv": [1, 3, 2, 13], "texture": "#0"}
			}
		},
		{
			"name": "nnw",
			"from": [0, 0, 4],
			"to": [1, 1, 12],
			"faces": {
				"north": {"uv": [3, 14, 4, 15], "texture": "#0"},
				"east": {"uv": [3, 1, 4, 2], "texture": "#0"},
				"south": {"uv": [3, 1, 4, 2], "texture": "#0"},
				"west": {"uv": [3, 14, 4, 15], "texture": "#0"},
				"up": {"uv": [1, 4, 0, 12], "texture": "#0"},
				"down": {"uv": [0, 4, 1, 12], "texture": "#0"}
			}
		},
		{
			"name": "nnw",
			"from": [12, 0, 1],
			"to": [13, 1, 15],
			"faces": {
				"north": {"uv": [12, 14, 13, 15], "texture": "#0"},
				"east": {"uv": [12, 1, 13, 2], "texture": "#0"},
				"south": {"uv": [12, 1, 13, 2], "texture": "#0"},
				"west": {"uv": [12, 14, 13, 15], "texture": "#0"},
				"up": {"uv": [13, 1, 12, 15], "texture": "#0"},
				"down": {"uv": [12, 1, 13, 15], "texture": "#0"}
			}
		},
		{
			"name": "nnw",
			"from": [13, 0, 2],
			"to": [14, 1, 14],
			"faces": {
				"north": {"uv": [12, 14, 13, 15], "texture": "#0"},
				"east": {"uv": [12, 1, 13, 2], "texture": "#0"},
				"south": {"uv": [12, 1, 13, 2], "texture": "#0"},
				"west": {"uv": [12, 14, 13, 15], "texture": "#0"},
				"up": {"uv": [14, 2, 13, 14], "texture": "#0"},
				"down": {"uv": [13, 2, 14, 14], "texture": "#0"}
			}
		},
		{
			"name": "nnw",
			"from": [14, 0, 3],
			"to": [15, 1, 13],
			"faces": {
				"north": {"uv": [12, 14, 13, 15], "texture": "#0"},
				"east": {"uv": [12, 1, 13, 2], "texture": "#0"},
				"south": {"uv": [12, 1, 13, 2], "texture": "#0"},
				"west": {"uv": [12, 14, 13, 15], "texture": "#0"},
				"up": {"uv": [15, 3, 14, 13], "texture": "#0"},
				"down": {"uv": [14, 3, 15, 13], "texture": "#0"}
			}
		},
		{
			"name": "nnw",
			"from": [15, 0, 4],
			"to": [16, 1, 12],
			"faces": {
				"north": {"uv": [15, 11, 16, 12], "texture": "#0"},
				"east": {"uv": [15, 4, 16, 5], "texture": "#0"},
				"south": {"uv": [15, 4, 16, 5], "texture": "#0"},
				"west": {"uv": [15, 11, 16, 12], "texture": "#0"},
				"up": {"uv": [16, 4, 15, 12], "texture": "#0"},
				"down": {"uv": [15, 4, 16, 12], "texture": "#0"}
			}
		},
		{
			"name": "vertical",
			"from": [4, 0, 1],
			"to": [12, 1, 15],
			"faces": {
				"north": {"uv": [4, 1, 12, 2], "texture": "#0"},
				"east": {"uv": [1, 9, 15, 10], "texture": "#0"},
				"south": {"uv": [4, 1, 12, 2], "texture": "#0"},
				"west": {"uv": [1, 7, 15, 8], "texture": "#0"},
				"up": {"uv": [4, 1, 12, 15], "texture": "#0"},
				"down": {"uv": [4, 1, 12, 15], "texture": "#0"}
			}
		}
	],
	"display": {
		"thirdperson_righthand": {
			"rotation": [18, 0, 43],
			"translation": [0, 1.5, 0],
			"scale": [0.2, 0.2, 0.2]
		},
		"thirdperson_lefthand": {
			"rotation": [18, 0, 43],
			"translation": [0, 1.5, 0],
			"scale": [0.2, 0.2, 0.2]
		},
		"firstperson_righthand": {
			"rotation": [18, 0, 43],
			"translation": [0, 1.5, 0],
			"scale": [0.2, 0.2, 0.2]
		},
		"firstperson_lefthand": {
			"rotation": [18, 0, 43],
			"translation": [0, 1.5, 0],
			"scale": [0.2, 0.2, 0.2]
		},
		"ground": {
			"translation": [0, 1.5, 0],
			"scale": [0.2, 0.2, 0.2]
		},
		"gui": {
			"rotation": [90, 0, 0],
			"translation": [0, 0, 2.75],
			"scale": [0.4, 0.4, 0.4]
		},
		"head": {
			"translation": [0, 1, 0]
		},
		"fixed": {
			"rotation": [90, 0, 0],
			"translation": [0, 0, 2.75],
			"scale": [0.4, 0.4, 0.4]
		}
	},
	"groups": [
		{
			"name": "gran",
			"origin": [0, 0, 0],
			"color": 0,
			"children": [0, 1, 2, 3, 4, 5, 6, 7, 8, 9]
		},
		10
	]
}