{
	"credit": "Made with Blockbench",
	"textures": {
		"0": "block/texture",
		"particle": "block/texture"
	},
	"elements": [
		{
			"name": "cube1",
			"from": [11, 4, 9],
			"to": [12, 5, 10],
			"faces": {
				"north": {"uv": [0, 0, 1, 1], "texture": "#0"},
				"east": {"uv": [0, 0, 1, 1], "texture": "#0"},
				"south": {"uv": [0, 0, 1, 1], "texture": "#0"},
				"west": {"uv": [0, 0, 1, 1], "texture": "#0"},
				"up": {"uv": [0, 0, 1, 1], "texture": "#0"},
				"down": {"uv": [0, 0, 1, 1], "texture": "#0"}
			}
		},
		{
			"name": "2",
			"from": [4, 4, 9],
			"to": [5, 5, 10],
			"faces": {
				"north": {"uv": [0, 0, 1, 1], "texture": "#0"},
				"east": {"uv": [0, 0, 1, 1], "texture": "#0"},
				"south": {"uv": [0, 0, 1, 1], "texture": "#0"},
				"west": {"uv": [0, 0, 1, 1], "texture": "#0"},
				"up": {"uv": [0, 0, 1, 1], "texture": "#0"},
				"down": {"uv": [0, 0, 1, 1], "texture": "#0"}
			}
		},
		{
			"name": "3",
			"from": [12, 4, 7],
			"to": [13, 5, 9],
			"faces": {
				"north": {"uv": [0, 0, 1, 1], "texture": "#0"},
				"east": {"uv": [0, 0, 2, 1], "texture": "#0"},
				"south": {"uv": [0, 0, 1, 1], "texture": "#0"},
				"west": {"uv": [0, 0, 2, 1], "texture": "#0"},
				"up": {"uv": [0, 0, 1, 2], "texture": "#0"},
				"down": {"uv": [0, 0, 1, 2], "texture": "#0"}
			}
		},
		{
			"name": "4",
			"from": [3, 4, 7],
			"to": [4, 5, 9],
			"faces": {
				"north": {"uv": [0, 0, 1, 1], "texture": "#0"},
				"east": {"uv": [0, 0, 2, 1], "texture": "#0"},
				"south": {"uv": [0, 0, 1, 1], "texture": "#0"},
				"west": {"uv": [0, 0, 2, 1], "texture": "#0"},
				"up": {"uv": [0, 0, 1, 2], "texture": "#0"},
				"down": {"uv": [0, 0, 1, 2], "texture": "#0"}
			}
		},
		{
			"name": "5",
			"from": [11, 4, 6],
			"to": [12, 5, 7],
			"faces": {
				"north": {"uv": [0, 0, 1, 1], "texture": "#0"},
				"east": {"uv": [0, 0, 1, 1], "texture": "#0"},
				"south": {"uv": [0, 0, 1, 1], "texture": "#0"},
				"west": {"uv": [0, 0, 1, 1], "texture": "#0"},
				"up": {"uv": [0, 0, 1, 1], "texture": "#0"},
				"down": {"uv": [0, 0, 1, 1], "texture": "#0"}
			}
		},
		{
			"name": "6",
			"from": [4, 4, 6],
			"to": [5, 5, 7],
			"faces": {
				"north": {"uv": [0, 0, 1, 1], "texture": "#0"},
				"east": {"uv": [0, 0, 1, 1], "texture": "#0"},
				"south": {"uv": [0, 0, 1, 1], "texture": "#0"},
				"west": {"uv": [0, 0, 1, 1], "texture": "#0"},
				"up": {"uv": [0, 0, 1, 1], "texture": "#0"},
				"down": {"uv": [0, 0, 1, 1], "texture": "#0"}
			}
		},
		{
			"name": "7",
			"from": [6, 5, 5],
			"to": [10, 6, 6],
			"faces": {
				"north": {"uv": [0, 0, 4, 1], "texture": "#0"},
				"east": {"uv": [0, 0, 1, 1], "texture": "#0"},
				"south": {"uv": [0, 0, 4, 1], "texture": "#0"},
				"west": {"uv": [0, 0, 1, 1], "texture": "#0"},
				"up": {"uv": [0, 0, 4, 1], "texture": "#0"},
				"down": {"uv": [0, 0, 4, 1], "texture": "#0"}
			}
		},
		{
			"name": "8",
			"from": [10, 5, 5],
			"to": [11, 6, 10],
			"faces": {
				"north": {"uv": [0, 0, 1, 1], "texture": "#0"},
				"east": {"uv": [0, 0, 5, 1], "texture": "#0"},
				"south": {"uv": [0, 0, 1, 1], "texture": "#0"},
				"west": {"uv": [0, 0, 5, 1], "texture": "#0"},
				"up": {"uv": [0, 1, 1, 6], "texture": "#0"},
				"down": {"uv": [0, 0, 1, 5], "texture": "#0"}
			}
		},
		{
			"name": "9",
			"from": [6, 5, 10],
			"to": [11, 6, 11],
			"faces": {
				"north": {"uv": [0, 0, 5, 1], "texture": "#0"},
				"east": {"uv": [0, 0, 1, 1], "texture": "#0"},
				"south": {"uv": [0, 0, 5, 1], "texture": "#0"},
				"west": {"uv": [0, 0, 1, 1], "texture": "#0"},
				"up": {"uv": [0, 0, 5, 1], "texture": "#0"},
				"down": {"uv": [0, 0, 5, 1], "texture": "#0"}
			}
		},
		{
			"name": "10",
			"from": [5, 5, 5],
			"to": [6, 6, 11],
			"faces": {
				"north": {"uv": [0, 0, 1, 1], "texture": "#0"},
				"east": {"uv": [0, 0, 6, 1], "texture": "#0"},
				"south": {"uv": [0, 0, 1, 1], "texture": "#0"},
				"west": {"uv": [0, 0, 6, 1], "texture": "#0"},
				"up": {"uv": [0, 0, 1, 6], "texture": "#0"},
				"down": {"uv": [0, 0, 1, 6], "texture": "#0"}
			}
		},
		{
			"from": [5, 0, 5],
			"to": [11, 5, 11],
			"faces": {
				"north": {"uv": [6, 0, 12, 5], "texture": "#0"},
				"east": {"uv": [6, 0, 12, 5], "texture": "#0"},
				"south": {"uv": [6, 0, 12, 5], "texture": "#0"},
				"west": {"uv": [6, 0, 12, 5], "texture": "#0"},
				"up": {"uv": [6, 6, 12, 12], "texture": "#0"},
				"down": {"uv": [6, 0, 12, 6], "texture": "#0"}
			}
		}
	],
	"display": {
		"thirdperson_righthand": {
			"rotation": [63, 0, 0],
			"translation": [-6.25, 2, 3.75],
			"scale": [1.18, 0.94, 0.99]
		},
		"thirdperson_lefthand": {
			"rotation": [63, 0, 0],
			"translation": [-6.25, 2, 3.75],
			"scale": [1.18, 0.94, 0.99]
		},
		"firstperson_righthand": {
			"rotation": [4, 0, 0],
			"translation": [-8, 6, 0]
		},
		"firstperson_lefthand": {
			"rotation": [4, 0, 0],
			"translation": [-8, 6, 0]
		},
		"ground": {
			"translation": [0, 5.25, 0]
		},
		"gui": {
			"rotation": [48, 30, 5],
			"translation": [-0.25, 4.5, 2.5],
			"scale": [1.5, 1.5, 1.5]
		},
		"fixed": {
			"rotation": [-61, 1, 0],
			"translation": [0.25, 1.5, -6]
		}
	},
	"groups": [
		{
			"name": "handlers",
			"origin": [0, 0, 0],
			"color": 0,
			"children": [0, 1, 2, 3, 4, 5]
		},
		{
			"name": "stenki",
			"origin": [0, 0, 0],
			"color": 0,
			"children": [6, 7, 8, 9]
		},
		{
			"name": "kastrulya",
			"origin": [0, 0, 0],
			"color": 0,
			"children": [10]
		}
	]
}