{
	"credit": "Made with Blockbench",
	"parent": "block/block",
	"texture_size": [32, 16],
	"textures": {
		"0": "naga_spawn",
		"particle": "naga_spawn"
	},
	"elements": [
		{
			"from": [2, 3, 2],
			"to": [14, 13, 14],
			"faces": {
				"north": {"uv": [0.5, 3, 7, 13], "texture": "#0"},
				"east": {"uv": [0.5, 3, 7, 13], "texture": "#0"},
				"south": {"uv": [0.5, 3, 7, 13], "texture": "#0"},
				"west": {"uv": [0.5, 3, 7, 13], "texture": "#0"},
				"up": {"uv": [0, 0, 0, 0], "texture": "#0"},
				"down": {"uv": [0, 0, 0, 0], "texture": "#0"}
			}
		},
		{
			"from": [1, 0, 1],
			"to": [15, 3, 15],
			"faces": {
				"north": {"uv": [0, 13, 7.5, 16], "texture": "#0"},
				"east": {"uv": [0, 13, 7.5, 16], "texture": "#0"},
				"south": {"uv": [0, 13, 7.5, 16], "texture": "#0"},
				"west": {"uv": [0, 13, 7.5, 16], "texture": "#0"},
				"up": {"uv": [8, 0, 16, 16], "texture": "#0"},
				"down": {"uv": [8, 0, 16, 16], "texture": "#0", "cullface": "down"}
			}
		},
		{
			"from": [1, 13, 1],
			"to": [15, 16, 15],
			"faces": {
				"north": {"uv": [0, 0, 7.5, 3], "texture": "#0"},
				"east": {"uv": [0, 0, 7.5, 3], "texture": "#0"},
				"south": {"uv": [0, 0, 7.5, 3], "texture": "#0"},
				"west": {"uv": [0, 0, 7.5, 3], "texture": "#0"},
				"up": {"uv": [8, 0, 16, 16], "texture": "#0", "cullface": "up"},
				"down": {"uv": [8, 0, 16, 16], "texture": "#0"}
			}
		},
		{
			"from": [1, 12, 1],
			"to": [4, 13, 4],
			"faces": {
				"north": {"uv": [12, 3, 15, 4], "texture": "#0"},
				"east": {"uv": [12, 3, 15, 4], "texture": "#0"},
				"south": {"uv": [1, 3, 4, 4], "texture": "#0"},
				"west": {"uv": [1, 3, 4, 4], "texture": "#0"},
				"up": {"uv": [0, 0, 0, 0], "texture": "#0"},
				"down": {"uv": [1, 12, 4, 15], "texture": "#0"}
			}
		},
		{
			"from": [12, 12, 1],
			"to": [15, 13, 4],
			"faces": {
				"north": {"uv": [1, 3, 4, 4], "texture": "#0"},
				"east": {"uv": [13, 3, 16, 4], "texture": "#0"},
				"south": {"uv": [12, 3, 15, 4], "texture": "#0"},
				"west": {"uv": [1, 3, 4, 4], "texture": "#0"},
				"up": {"uv": [0, 0, 0, 0], "texture": "#0"},
				"down": {"uv": [12, 12, 15, 15], "texture": "#0"}
			}
		},
		{
			"from": [1, 12, 12],
			"to": [4, 13, 15],
			"faces": {
				"north": {"uv": [12, 3, 15, 4], "texture": "#0"},
				"east": {"uv": [1, 3, 4, 4], "texture": "#0"},
				"south": {"uv": [1, 3, 4, 4], "texture": "#0"},
				"west": {"uv": [12, 3, 15, 4], "texture": "#0"},
				"up": {"uv": [0, 0, 0, 0], "texture": "#0"},
				"down": {"uv": [1, 1, 4, 4], "texture": "#0"}
			}
		},
		{
			"from": [12, 12, 12],
			"to": [15, 13, 15],
			"faces": {
				"north": {"uv": [1, 3, 4, 4], "texture": "#0"},
				"east": {"uv": [1, 3, 4, 4], "texture": "#0"},
				"south": {"uv": [12, 3, 15, 4], "texture": "#0"},
				"west": {"uv": [12, 3, 15, 4], "texture": "#0"},
				"up": {"uv": [0, 0, 0, 0], "texture": "#0"},
				"down": {"uv": [12, 1, 15, 4], "texture": "#0"}
			}
		}
	]
}