{
  "_fv": 24,
  "_type": "structure",
  "definition": {
    "structure": "botania_lime_sanctuary",
    "randomlyRotateStructure": true,
    "surfaceDetectionType": "First motion blocking block",
    "spawnProbability": 10000,
    "minCountPerChunk": 1,
    "maxCountPerChunk": 1,
    "spawnLocation": "Ground",
    "spawnHeightOffset": -1,
    "spawnXOffset": 0,
    "spawnZOffset": 0,
    "spawnWorldTypes": [
      "Surface"
    ],
    "restrictionBlocks": [
      {
        "value": "Blocks.GRASS"
      }
    ],
    "restrictionBiomes": [
      {
        "value": "forest"
      },
      {
        "value": "forest_hills"
      }
    ],
    "ignoreBlocks": "AIR"
  }
}