{
  "type": "minecraft:chest",
  "pools": [
    {
      "rolls": {
        "min": 1,
        "max": 8
      },
      "entries": [
        {
          "type": "minecraft:item",
          "name": "minecraft:dead_bush",
          "weight": 60,
          "functions": [
            {
              "function": "set_count",
              "count": {
                "min": 2,
                "max": 4
              }
            }
          ]
        },
        {
          "type": "minecraft:item",
          "name": "minecraft:cactus",
          "weight": 40,
          "functions": [
            {
              "function": "set_count",
              "count": {
                "min": 1,
                "max": 2
              }
            }
          ]
        },
        {
          "type": "minecraft:item",
          "name": "minecraft:acacia_sapling",
          "weight": 25,
          "functions": [
            {
              "function": "set_count",
              "count": {
                "min": 1,
                "max": 3
              }
            }
          ]
        },
        {
          "type": "minecraft:item",
          "name": "minecraft:gold_ingot",
          "weight": 20,
          "functions": [
            {
              "function": "set_count",
              "count": {
                "min": 1,
                "max": 2
              }
            }
          ]
        },
        {
          "type": "minecraft:item",
          "name": "botania:yellow_petal",
          "weight": 60,
          "functions": [
            {
              "function": "set_count",
              "count": {
                "min": 1,
                "max": 6
              }
            }
          ]
        }
      ]
    }
  ]
}