{
  "_fv": 24,
  "_type": "structure",
  "definition": {
    "structure": "botania_red_sanctuary",
    "randomlyRotateStructure": true,
    "surfaceDetectionType": "First motion blocking block",
    "spawnProbability": 10000,
    "minCountPerChunk": 1,
    "maxCountPerChunk": 1,
    "spawnLocation": "Ground",
    "spawnHeightOffset": -2,
    "spawnXOffset": 0,
    "spawnZOffset": 0,
    "spawnWorldTypes": [
      "Surface"
    ],
    "restrictionBlocks": [
      {
        "value": "Blocks.GRASS"
      }
    ],
    "restrictionBiomes": [
      {
        "value": "roofed_forest"
      },
      {
        "value": "mutated_roofed_forest"
      }
    ],
    "ignoreBlocks": "STRUCTURE_BLOCK"
  }
}