{
  "credit": "Made with Blockbench",
  "texture_size": [
    32,
    32
  ],
  "elements": [
    {
      "name": "lev.krisha",
      "from": [
        0,
        10,
        -1
      ],
      "to": [
        17,
        21,
        0
      ],
      "rotation": {
        "angle": 45,
        "axis": "x",
        "origin": [
          0,
          10,
          0
        ]
      },
      "faces": {
        "north": {
          "uv": [
            0,
            0,
            4,
            4
          ],
          "texture": "#1"
        },
        "east": {
          "uv": [
            0,
            0,
            0.5,
            4
          ],
          "texture": "#1"
        },
        "south": {
          "uv": [
            0,
            0,
            4,
            4
          ],
          "texture": "#1"
        },
        "west": {
          "uv": [
            0,
            0,
            0.5,
            4
          ],
          "texture": "#1"
        },
        "up": {
          "uv": [
            0,
            0,
            4,
            0.5
          ],
          "texture": "#1"
        },
        "down": {
          "uv": [
            0,
            0,
            4,
            0.5
          ],
          "texture": "#1"
        }
      }
    },
    {
      "name": "prav.krisha",
      "from": [
        0,
        21,
        0
      ],
      "to": [
        17,
        22,
        11
      ],
      "rotation": {
        "angle": 45,
        "axis": "x",
        "origin": [
          0,
          10,
          0
        ]
      },
      "faces": {
        "north": {
          "uv": [
            0,
            0,
            4,
            0.5
          ],
          "rotation": 180,
          "texture": "#1"
        },
        "east": {
          "uv": [
            0,
            0,
            0.5,
            4
          ],
          "rotation": 90,
          "texture": "#1"
        },
        "south": {
          "uv": [
            0,
            0,
            4,
            0.5
          ],
          "texture": "#1"
        },
        "west": {
          "uv": [
            0,
            0,
            0.5,
            4
          ],
          "rotation": 270,
          "texture": "#1"
        },
        "up": {
          "uv": [
            0,
            0,
            4,
            4
          ],
          "texture": "#1"
        },
        "down": {
          "uv": [
            0,
            0,
            4,
            4
          ],
          "rotation": 180,
          "texture": "#1"
        }
      }
    },
    {
      "name": "konyok",
      "from": [
        -1,
        18.4,
        6.7
      ],
      "to": [
        18,
        19.4,
        7.7
      ],
      "rotation": {
        "angle": 45,
        "axis": "x",
        "origin": [
          0,
          18,
          7
        ]
      },
      "faces": {
        "north": {
          "uv": [
            0,
            0,
            4,
            0.5
          ],
          "rotation": 180,
          "texture": "#1"
        },
        "east": {
          "uv": [
            0,
            0,
            0.5,
            0.5
          ],
          "rotation": 270,
          "texture": "#1"
        },
        "south": {
          "uv": [
            0,
            0,
            4,
            0.5
          ],
          "texture": "#1"
        },
        "west": {
          "uv": [
            0,
            0,
            0.5,
            0.5
          ],
          "rotation": 90,
          "texture": "#1"
        },
        "up": {
          "uv": [
            0,
            0,
            4,
            0.5
          ],
          "rotation": 180,
          "texture": "#1"
        },
        "down": {
          "uv": [
            0,
            0,
            4,
            0.5
          ],
          "texture": "#1"
        }
      }
    },
    {
      "name": "krisha.stena11",
      "from": [
        2,
        12,
        2
      ],
      "to": [
        3,
        13,
        13.9
      ],
      "faces": {
        "north": {
          "uv": [
            4,
            4,
            4.5,
            4.5
          ],
          "texture": "#1"
        },
        "east": {
          "uv": [
            4,
            7.5,
            8,
            8
          ],
          "texture": "#1"
        },
        "south": {
          "uv": [
            4,
            4,
            4.5,
            4.5
          ],
          "texture": "#1"
        },
        "west": {
          "uv": [
            4,
            7.5,
            8,
            8
          ],
          "texture": "#1"
        },
        "up": {
          "uv": [
            4,
            4,
            4.5,
            4.5
          ],
          "texture": "#1"
        },
        "down": {
          "uv": [
            4,
            4,
            4.5,
            4.5
          ],
          "texture": "#1"
        }
      }
    },
    {
      "name": "krisha.stena12",
      "from": [
        2,
        13,
        3
      ],
      "to": [
        3,
        14,
        12.9
      ],
      "faces": {
        "north": {
          "uv": [
            4,
            4,
            4.5,
            4.5
          ],
          "texture": "#1"
        },
        "east": {
          "uv": [
            4.335,
            7,
            7.67,
            7.5
          ],
          "texture": "#1"
        },
        "south": {
          "uv": [
            4,
            4,
            4.5,
            4.5
          ],
          "texture": "#1"
        },
        "west": {
          "uv": [
            4.335,
            7,
            7.67,
            7.5
          ],
          "texture": "#1"
        },
        "up": {
          "uv": [
            4,
            4,
            4.5,
            4.5
          ],
          "texture": "#1"
        },
        "down": {
          "uv": [
            4,
            4,
            4.5,
            4.5
          ],
          "texture": "#1"
        }
      }
    },
    {
      "name": "krisha.stena13",
      "from": [
        2,
        14,
        4
      ],
      "to": [
        3,
        15,
        11.9
      ],
      "faces": {
        "north": {
          "uv": [
            4,
            4,
            4.5,
            4.5
          ],
          "texture": "#1"
        },
        "east": {
          "uv": [
            4.665,
            6.5,
            7.33,
            7
          ],
          "texture": "#1"
        },
        "south": {
          "uv": [
            4,
            4,
            4.5,
            4.5
          ],
          "texture": "#1"
        },
        "west": {
          "uv": [
            4.665,
            6.5,
            7.33,
            7
          ],
          "texture": "#1"
        },
        "up": {
          "uv": [
            4,
            4,
            4.5,
            4.5
          ],
          "texture": "#1"
        },
        "down": {
          "uv": [
            4,
            4,
            4.5,
            4.5
          ],
          "texture": "#1"
        }
      }
    },
    {
      "name": "krisha.stena14",
      "from": [
        2,
        15,
        5
      ],
      "to": [
        3,
        16,
        10.9
      ],
      "faces": {
        "north": {
          "uv": [
            4,
            4,
            4.5,
            4.5
          ],
          "texture": "#1"
        },
        "east": {
          "uv": [
            5,
            6,
            7,
            6.5
          ],
          "texture": "#1"
        },
        "south": {
          "uv": [
            4,
            4,
            4.5,
            4.5
          ],
          "texture": "#1"
        },
        "west": {
          "uv": [
            5,
            6,
            7,
            6.5
          ],
          "texture": "#1"
        },
        "up": {
          "uv": [
            4,
            4,
            4.5,
            4.5
          ],
          "texture": "#1"
        },
        "down": {
          "uv": [
            4,
            4,
            4.5,
            4.5
          ],
          "texture": "#1"
        }
      }
    },
    {
      "name": "krisha.stena15",
      "from": [
        2,
        16,
        6
      ],
      "to": [
        3,
        17,
        9.9
      ],
      "faces": {
        "north": {
          "uv": [
            4,
            4,
            4.5,
            4.5
          ],
          "texture": "#1"
        },
        "east": {
          "uv": [
            5.335,
            5.5,
            6.67,
            6
          ],
          "texture": "#1"
        },
        "south": {
          "uv": [
            4,
            4,
            4.5,
            4.5
          ],
          "texture": "#1"
        },
        "west": {
          "uv": [
            5.335,
            5.5,
            6.67,
            6
          ],
          "texture": "#1"
        },
        "up": {
          "uv": [
            4,
            4,
            4.5,
            4.5
          ],
          "texture": "#1"
        },
        "down": {
          "uv": [
            4,
            4,
            4.5,
            4.5
          ],
          "texture": "#1"
        }
      }
    },
    {
      "name": "krisha.stena16",
      "from": [
        2,
        17,
        7
      ],
      "to": [
        3,
        18,
        8.9
      ],
      "faces": {
        "north": {
          "uv": [
            4,
            4,
            4.5,
            4.5
          ],
          "texture": "#1"
        },
        "east": {
          "uv": [
            5.665,
            5,
            6.33,
            5.5
          ],
          "texture": "#1"
        },
        "south": {
          "uv": [
            4,
            4,
            4.5,
            4.5
          ],
          "texture": "#1"
        },
        "west": {
          "uv": [
            5.665,
            5,
            6.33,
            5.5
          ],
          "texture": "#1"
        },
        "up": {
          "uv": [
            4,
            4,
            4.5,
            4.5
          ],
          "texture": "#1"
        },
        "down": {
          "uv": [
            4,
            4,
            4.5,
            4.5
          ],
          "texture": "#1"
        }
      }
    },
    {
      "name": "krisha.stena21",
      "from": [
        14,
        12,
        2
      ],
      "to": [
        15,
        13,
        13.9
      ],
      "faces": {
        "north": {
          "uv": [
            4,
            4,
            4.5,
            4.5
          ],
          "texture": "#1"
        },
        "east": {
          "uv": [
            4,
            7.5,
            8,
            8
          ],
          "texture": "#1"
        },
        "south": {
          "uv": [
            4,
            4,
            4.5,
            4.5
          ],
          "texture": "#1"
        },
        "west": {
          "uv": [
            4,
            7.5,
            8,
            8
          ],
          "texture": "#1"
        },
        "up": {
          "uv": [
            4,
            4,
            4.5,
            4.5
          ],
          "texture": "#1"
        },
        "down": {
          "uv": [
            4,
            4,
            4.5,
            4.5
          ],
          "texture": "#1"
        }
      }
    },
    {
      "name": "krisha.stena22",
      "from": [
        14,
        13,
        3
      ],
      "to": [
        15,
        14,
        12.9
      ],
      "faces": {
        "north": {
          "uv": [
            4,
            4,
            4.5,
            4.5
          ],
          "texture": "#1"
        },
        "east": {
          "uv": [
            4.335,
            7,
            7.67,
            7.5
          ],
          "texture": "#1"
        },
        "south": {
          "uv": [
            4,
            4,
            4.5,
            4.5
          ],
          "texture": "#1"
        },
        "west": {
          "uv": [
            4.335,
            7,
            7.67,
            7.5
          ],
          "texture": "#1"
        },
        "up": {
          "uv": [
            4,
            4,
            4.5,
            4.5
          ],
          "texture": "#1"
        },
        "down": {
          "uv": [
            4,
            4,
            4.5,
            4.5
          ],
          "texture": "#1"
        }
      }
    },
    {
      "name": "krisha.stena23",
      "from": [
        14,
        14,
        4
      ],
      "to": [
        15,
        15,
        11.9
      ],
      "faces": {
        "north": {
          "uv": [
            4,
            4,
            4.5,
            4.5
          ],
          "texture": "#1"
        },
        "east": {
          "uv": [
            4.665,
            6.5,
            7.33,
            7
          ],
          "texture": "#1"
        },
        "south": {
          "uv": [
            4,
            4,
            4.5,
            4.5
          ],
          "texture": "#1"
        },
        "west": {
          "uv": [
            4.665,
            6.5,
            7.33,
            7
          ],
          "texture": "#1"
        },
        "up": {
          "uv": [
            4,
            4,
            4.5,
            4.5
          ],
          "texture": "#1"
        },
        "down": {
          "uv": [
            4,
            4,
            4.5,
            4.5
          ],
          "texture": "#1"
        }
      }
    },
    {
      "name": "krisha.stena24",
      "from": [
        14,
        15,
        5
      ],
      "to": [
        15,
        16,
        10.9
      ],
      "faces": {
        "north": {
          "uv": [
            4,
            4,
            4.5,
            4.5
          ],
          "texture": "#1"
        },
        "east": {
          "uv": [
            5,
            6,
            7,
            6.5
          ],
          "texture": "#1"
        },
        "south": {
          "uv": [
            4,
            4,
            4.5,
            4.5
          ],
          "texture": "#1"
        },
        "west": {
          "uv": [
            5,
            6,
            7,
            6.5
          ],
          "texture": "#1"
        },
        "up": {
          "uv": [
            4,
            4,
            4.5,
            4.5
          ],
          "texture": "#1"
        },
        "down": {
          "uv": [
            4,
            4,
            4.5,
            4.5
          ],
          "texture": "#1"
        }
      }
    },
    {
      "name": "krisha.stena25",
      "from": [
        14,
        16,
        6
      ],
      "to": [
        15,
        17,
        9.9
      ],
      "faces": {
        "north": {
          "uv": [
            4,
            4,
            4.5,
            4.5
          ],
          "texture": "#1"
        },
        "east": {
          "uv": [
            5.335,
            5.5,
            6.67,
            6
          ],
          "texture": "#1"
        },
        "south": {
          "uv": [
            4,
            4,
            4.5,
            4.5
          ],
          "texture": "#1"
        },
        "west": {
          "uv": [
            5.335,
            5.5,
            6.67,
            6
          ],
          "texture": "#1"
        },
        "up": {
          "uv": [
            4,
            4,
            4.5,
            4.5
          ],
          "texture": "#1"
        },
        "down": {
          "uv": [
            4,
            4,
            4.5,
            4.5
          ],
          "texture": "#1"
        }
      }
    },
    {
      "name": "krisha.stena26",
      "from": [
        14,
        17,
        7
      ],
      "to": [
        15,
        18,
        8.9
      ],
      "faces": {
        "north": {
          "uv": [
            4,
            4,
            4.5,
            4.5
          ],
          "texture": "#1"
        },
        "east": {
          "uv": [
            5.665,
            5,
            6.33,
            5.5
          ],
          "texture": "#1"
        },
        "south": {
          "uv": [
            4,
            4,
            4.5,
            4.5
          ],
          "texture": "#1"
        },
        "west": {
          "uv": [
            5.665,
            5,
            6.33,
            5.5
          ],
          "texture": "#1"
        },
        "up": {
          "uv": [
            4,
            4,
            4.5,
            4.5
          ],
          "texture": "#1"
        },
        "down": {
          "uv": [
            4,
            4,
            4.5,
            4.5
          ],
          "texture": "#1"
        }
      }
    },
    {
      "name": "prav.stena",
      "from": [
        3,
        2,
        13
      ],
      "to": [
        14,
        12,
        14
      ],
      "faces": {
        "north": {
          "uv": [
            0,
            4,
            4,
            8
          ],
          "texture": "#1"
        },
        "east": {
          "uv": [
            0,
            4,
            0.5,
            8
          ],
          "texture": "#1"
        },
        "south": {
          "uv": [
            0,
            4,
            4,
            8
          ],
          "texture": "#1"
        },
        "west": {
          "uv": [
            0,
            4,
            0.5,
            8
          ],
          "texture": "#1"
        },
        "up": {
          "uv": [
            0,
            4,
            4,
            4.5
          ],
          "texture": "#1"
        },
        "down": {
          "uv": [
            0,
            4,
            2,
            4.5
          ],
          "texture": "#1"
        }
      }
    },
    {
      "name": "lev.stena",
      "from": [
        3,
        2,
        2
      ],
      "to": [
        14,
        12,
        3
      ],
      "faces": {
        "north": {
          "uv": [
            0,
            4,
            4,
            8
          ],
          "texture": "#1"
        },
        "east": {
          "uv": [
            0,
            4,
            0.5,
            8
          ],
          "texture": "#1"
        },
        "south": {
          "uv": [
            0,
            4,
            4,
            8
          ],
          "texture": "#1"
        },
        "west": {
          "uv": [
            0,
            4,
            0.5,
            8
          ],
          "texture": "#1"
        },
        "up": {
          "uv": [
            0,
            4,
            4,
            4.5
          ],
          "texture": "#1"
        },
        "down": {
          "uv": [
            0,
            4,
            4,
            4.5
          ],
          "texture": "#1"
        }
      }
    },
    {
      "name": "zad.stena",
      "from": [
        14,
        2,
        2
      ],
      "to": [
        15,
        12,
        14
      ],
      "faces": {
        "north": {
          "uv": [
            4,
            0,
            4.5,
            4
          ],
          "texture": "#1"
        },
        "east": {
          "uv": [
            4,
            0,
            8,
            4
          ],
          "texture": "#1"
        },
        "south": {
          "uv": [
            4,
            0,
            4.5,
            4
          ],
          "texture": "#1"
        },
        "west": {
          "uv": [
            4,
            0,
            8,
            4
          ],
          "texture": "#1"
        },
        "up": {
          "uv": [
            4,
            0,
            8,
            0.5
          ],
          "rotation": 90,
          "texture": "#1"
        },
        "down": {
          "uv": [
            4,
            0,
            8,
            0.5
          ],
          "rotation": 270,
          "texture": "#1"
        }
      }
    },
    {
      "name": "verh",
      "from": [
        2,
        9,
        2
      ],
      "to": [
        3,
        12,
        14
      ],
      "faces": {
        "north": {
          "uv": [
            4,
            0,
            4.5,
            1.2
          ],
          "texture": "#1"
        },
        "east": {
          "uv": [
            4,
            0,
            8,
            1.2
          ],
          "texture": "#1"
        },
        "south": {
          "uv": [
            4,
            0,
            4.5,
            1.2
          ],
          "texture": "#1"
        },
        "west": {
          "uv": [
            4,
            0,
            8,
            1.2
          ],
          "texture": "#1"
        },
        "up": {
          "uv": [
            4,
            0,
            4.5,
            4
          ],
          "texture": "#1"
        },
        "down": {
          "uv": [
            4,
            0,
            4.5,
            4
          ],
          "texture": "#1"
        }
      }
    },
    {
      "name": "prav",
      "from": [
        2,
        2,
        11
      ],
      "to": [
        3,
        9,
        14
      ],
      "faces": {
        "north": {
          "uv": [
            6,
            5.2,
            6.5,
            8
          ],
          "texture": "#1"
        },
        "east": {
          "uv": [
            4,
            1.2,
            5,
            4
          ],
          "texture": "#1"
        },
        "south": {
          "uv": [
            7.5,
            1.2,
            8,
            4
          ],
          "texture": "#1"
        },
        "west": {
          "uv": [
            7,
            1.2,
            8,
            4
          ],
          "texture": "#1"
        },
        "up": {
          "uv": [
            4,
            0,
            5,
            0.5
          ],
          "texture": "#1"
        },
        "down": {
          "uv": [
            4,
            0,
            5,
            0.5
          ],
          "texture": "#1"
        }
      }
    },
    {
      "name": "lev",
      "from": [
        2,
        2,
        2
      ],
      "to": [
        3,
        9,
        5
      ],
      "faces": {
        "north": {
          "uv": [
            4,
            1.2,
            4.5,
            4
          ],
          "texture": "#1"
        },
        "east": {
          "uv": [
            7,
            1.2,
            8,
            4
          ],
          "texture": "#1"
        },
        "south": {
          "uv": [
            6.5,
            5.2,
            7,
            8
          ],
          "texture": "#1"
        },
        "west": {
          "uv": [
            4,
            1.2,
            5,
            4
          ],
          "texture": "#1"
        },
        "up": {
          "uv": [
            4,
            0,
            5,
            0.5
          ],
          "texture": "#1"
        },
        "down": {
          "uv": [
            4,
            0,
            5,
            0.5
          ],
          "texture": "#1"
        }
      }
    },
    {
      "name": "parket",
      "from": [
        2,
        1,
        2
      ],
      "to": [
        15,
        2,
        14
      ],
      "faces": {
        "north": {
          "uv": [
            0,
            4,
            4,
            4.5
          ],
          "texture": "#1"
        },
        "east": {
          "uv": [
            0,
            4,
            4,
            4.5
          ],
          "texture": "#1"
        },
        "south": {
          "uv": [
            0,
            4,
            4,
            4.5
          ],
          "texture": "#1"
        },
        "west": {
          "uv": [
            0,
            4,
            4,
            4.5
          ],
          "texture": "#1"
        },
        "up": {
          "uv": [
            0,
            4,
            4,
            8
          ],
          "texture": "#1"
        },
        "down": {
          "uv": [
            0,
            4,
            4,
            8
          ],
          "texture": "#1"
        }
      }
    },
    {
      "name": "lev.noga",
      "from": [
        1,
        0,
        2
      ],
      "to": [
        16,
        1,
        3
      ],
      "faces": {
        "north": {
          "uv": [
            0,
            4,
            4,
            4.5
          ],
          "texture": "#1"
        },
        "east": {
          "uv": [
            0,
            4,
            0.5,
            4.5
          ],
          "texture": "#1"
        },
        "south": {
          "uv": [
            0,
            5,
            4,
            5.5
          ],
          "texture": "#1"
        },
        "west": {
          "uv": [
            0,
            4,
            0.5,
            4.5
          ],
          "texture": "#1"
        },
        "up": {
          "uv": [
            0,
            4.5,
            4,
            5
          ],
          "texture": "#1"
        },
        "down": {
          "uv": [
            0,
            5.5,
            4,
            6
          ],
          "texture": "#1"
        }
      }
    },
    {
      "name": "prav.noga",
      "from": [
        1,
        0,
        13
      ],
      "to": [
        16,
        1,
        14
      ],
      "faces": {
        "north": {
          "uv": [
            0,
            4,
            4,
            4.5
          ],
          "texture": "#1"
        },
        "east": {
          "uv": [
            0,
            4,
            0.5,
            4.5
          ],
          "texture": "#1"
        },
        "south": {
          "uv": [
            0,
            5,
            4,
            5.5
          ],
          "texture": "#1"
        },
        "west": {
          "uv": [
            0,
            4,
            0.5,
            4.5
          ],
          "texture": "#1"
        },
        "up": {
          "uv": [
            0,
            4.5,
            4,
            5
          ],
          "texture": "#1"
        },
        "down": {
          "uv": [
            0,
            5.5,
            4,
            6
          ],
          "texture": "#1"
        }
      }
    },
    {
      "name": "bfgfdj",
      "from": [
        9,
        2,
        3.75
      ],
      "to": [
        13.5,
        3.5,
        8.25
      ],
      "rotation": {
        "angle": 0,
        "axis": "y",
        "origin": [
          11.25,
          2,
          7.25
        ]
      },
      "faces": {
        "north": {
          "uv": [
            8,
            0,
            12,
            4
          ],
          "texture": "#1"
        },
        "east": {
          "uv": [
            8,
            0,
            12,
            4
          ],
          "texture": "#1"
        },
        "south": {
          "uv": [
            8,
            0,
            12,
            4
          ],
          "texture": "#1"
        },
        "west": {
          "uv": [
            12,
            4,
            16,
            8
          ],
          "texture": "#1"
        },
        "up": {
          "uv": [
            8,
            0,
            12,
            4
          ],
          "rotation": 270,
          "texture": "#1"
        },
        "down": {
          "uv": [
            8,
            0,
            12,
            4
          ],
          "rotation": 90,
          "texture": "#1"
        }
      }
    },
    {
      "name": "screen",
      "from": [
        9,
        3.5,
        3.75
      ],
      "to": [
        10.5,
        7.25,
        8.25
      ],
      "rotation": {
        "angle": -22.5,
        "axis": "z",
        "origin": [
          11.25,
          4.25,
          7.25
        ]
      },
      "faces": {
        "north": {
          "uv": [
            8,
            0,
            12,
            4
          ],
          "texture": "#1"
        },
        "east": {
          "uv": [
            8,
            0,
            12,
            4
          ],
          "texture": "#1"
        },
        "south": {
          "uv": [
            8,
            0,
            12,
            4
          ],
          "texture": "#1"
        },
        "west": {
          "uv": [
            8,
            4,
            12,
            8
          ],
          "texture": "#1"
        },
        "up": {
          "uv": [
            8,
            0,
            12,
            4
          ],
          "rotation": 270,
          "texture": "#1"
        },
        "down": {
          "uv": [
            8,
            0,
            12,
            4
          ],
          "rotation": 90,
          "texture": "#1"
        }
      }
    },
    {
      "name": "dgfdhjsfgnm",
      "from": [
        10.5,
        4.25,
        4.5
      ],
      "to": [
        12.75,
        6.5,
        7.5
      ],
      "rotation": {
        "angle": -22.5,
        "axis": "z",
        "origin": [
          11.25,
          4.25,
          7.25
        ]
      },
      "faces": {
        "north": {
          "uv": [
            12,
            0,
            16,
            4
          ],
          "texture": "#1"
        },
        "east": {
          "uv": [
            8,
            0,
            12,
            4
          ],
          "texture": "#1"
        },
        "south": {
          "uv": [
            12,
            0,
            16,
            4
          ],
          "texture": "#1"
        },
        "west": {
          "uv": [
            8,
            0,
            12,
            4
          ],
          "texture": "#1"
        },
        "up": {
          "uv": [
            8,
            0,
            12,
            4
          ],
          "rotation": 270,
          "texture": "#1"
        },
        "down": {
          "uv": [
            8,
            0,
            12,
            4
          ],
          "rotation": 90,
          "texture": "#1"
        }
      }
    },
    {
      "name": "stand",
      "from": [
        10.5,
        3.5,
        5
      ],
      "to": [
        12.5,
        5.5,
        7
      ],
      "rotation": {
        "angle": 0,
        "axis": "y",
        "origin": [
          11.25,
          3.5,
          7.25
        ]
      },
      "faces": {
        "north": {
          "uv": [
            8,
            0,
            12,
            4
          ],
          "texture": "#1"
        },
        "east": {
          "uv": [
            8,
            0,
            12,
            4
          ],
          "texture": "#1"
        },
        "south": {
          "uv": [
            8,
            0,
            12,
            4
          ],
          "texture": "#1"
        },
        "west": {
          "uv": [
            8,
            0,
            12,
            4
          ],
          "texture": "#1"
        },
        "up": {
          "uv": [
            8,
            0,
            12,
            4
          ],
          "rotation": 270,
          "texture": "#1"
        },
        "down": {
          "uv": [
            8,
            0,
            12,
            4
          ],
          "rotation": 90,
          "texture": "#1"
        }
      }
    },
    {
      "name": "keyboard",
      "from": [
        7,
        2,
        3.75
      ],
      "to": [
        8.5,
        2.25,
        8.25
      ],
      "rotation": {
        "angle": 0,
        "axis": "y",
        "origin": [
          11.25,
          2,
          7.25
        ]
      },
      "faces": {
        "north": {
          "uv": [
            8,
            0,
            12,
            4
          ],
          "texture": "#1"
        },
        "east": {
          "uv": [
            8,
            0,
            12,
            4
          ],
          "texture": "#1"
        },
        "south": {
          "uv": [
            8,
            0,
            12,
            4
          ],
          "texture": "#1"
        },
        "west": {
          "uv": [
            8,
            0,
            12,
            4
          ],
          "texture": "#1"
        },
        "up": {
          "uv": [
            16,
            12,
            8,
            8
          ],
          "rotation": 270,
          "texture": "#1"
        },
        "down": {
          "uv": [
            8,
            0,
            12,
            4
          ],
          "rotation": 90,
          "texture": "#1"
        }
      }
    },
    {
      "name": "diskette",
      "from": [
        9,
        2,
        9
      ],
      "to": [
        10,
        2.125,
        10
      ],
      "rotation": {
        "angle": 22.5,
        "axis": "y",
        "origin": [
          9.5,
          2,
          9.5
        ]
      },
      "faces": {
        "north": {
          "uv": [
            8,
            12,
            12,
            12.0625
          ],
          "texture": "#1"
        },
        "east": {
          "uv": [
            8,
            12,
            12,
            12.0625
          ],
          "texture": "#1"
        },
        "south": {
          "uv": [
            8,
            12,
            12,
            12.0625
          ],
          "texture": "#1"
        },
        "west": {
          "uv": [
            8,
            12,
            12,
            12.0625
          ],
          "texture": "#1"
        },
        "up": {
          "uv": [
            8,
            12,
            12,
            16
          ],
          "rotation": 90,
          "texture": "#1"
        },
        "down": {
          "uv": [
            8,
            12,
            12,
            16
          ],
          "rotation": 270,
          "texture": "#1"
        }
      }
    }
  ],
  "display": {
    "thirdperson_righthand": {
      "rotation": [
        22.3,
        -70.66,
        4.51
      ],
      "translation": [
        0,
        0.5,
        -0.75
      ],
      "scale": [
        0.23438,
        0.20508,
        0.22656
      ]
    },
    "thirdperson_lefthand": {
      "rotation": [
        -73.97,
        54.5,
        118.33
      ],
      "scale": [
        0.23438,
        0.20508,
        0.22656
      ]
    },
    "firstperson_righthand": {
      "rotation": [
        8.65,
        -74.43,
        3.07
      ],
      "translation": [
        -0.75,
        3.25,
        2
      ],
      "scale": [
        0.20117,
        0.20508,
        0.22656
      ]
    },
    "firstperson_lefthand": {
      "rotation": [
        0,
        78.5,
        0
      ],
      "translation": [
        1.5,
        2,
        0.75
      ],
      "scale": [
        0.19727,
        0.20508,
        0.22656
      ]
    },
    "ground": {
      "translation": [
        0,
        -0.5,
        0
      ],
      "scale": [
        0.2,
        0.2,
        0.2
      ]
    },
    "gui": {
      "rotation": [
        0,
        101,
        0
      ],
      "scale": [
        0.6,
        0.6,
        0.6
      ]
    },
    "head": {
      "rotation": [
        0,
        -89.5,
        0
      ],
      "translation": [
        0,
        2,
        -0.25
      ]
    },
    "fixed": {
      "rotation": [
        0,
        -90,
        0
      ],
      "scale": [
        0.8,
        0.8,
        0.8
      ]
    }
  },
  "groups": [
    {
      "name": "roof",
      "origin": [
        8,
        8,
        8
      ],
      "color": 0,
      "children": [
        {
          "name": "krisha",
          "origin": [
            0,
            18,
            7
          ],
          "color": 0,
          "children": [
            0,
            1,
            2
          ]
        },
        {
          "name": "gkrisha.stena1",
          "origin": [
            0,
            0,
            0
          ],
          "color": 0,
          "children": [
            3,
            4,
            5,
            6,
            7,
            8
          ]
        },
        {
          "name": "gkrisha.stena2",
          "origin": [
            0,
            0,
            0
          ],
          "color": 0,
          "children": [
            9,
            10,
            11,
            12,
            13,
            14
          ]
        }
      ]
    },
    {
      "name": "walls",
      "origin": [
        0,
        0,
        0
      ],
      "color": 0,
      "children": [
        15,
        16,
        17,
        {
          "name": "dver",
          "origin": [
            0,
            0,
            0
          ],
          "color": 0,
          "children": [
            18,
            19,
            20
          ]
        }
      ]
    },
    {
      "name": "floor",
      "origin": [
        0,
        0,
        0
      ],
      "color": 0,
      "children": [
        21,
        22,
        23
      ]
    },
    {
      "name": "ibm.pc",
      "origin": [
        8,
        8,
        8
      ],
      "color": 0,
      "children": [
        24,
        {
          "name": "CRT",
          "origin": [
            0,
            0,
            0
          ],
          "color": 0,
          "children": [
            25,
            26,
            27
          ]
        },
        28,
        29
      ]
    }
  ]
}