{
	"credit": "Made with Blockbench",
	"textures": {
		"1": "block/Clear rainbow"
	},
	"elements": [
		{
			"from": [7, 0, 8],
			"to": [8, 1, 9],
			"faces": {
				"north": {"uv": [4, 7, 5, 8], "texture": "#1"},
				"east": {"uv": [4, 7, 5, 8], "texture": "#1"},
				"south": {"uv": [4, 7, 5, 8], "texture": "#1"},
				"west": {"uv": [4, 7, 5, 8], "texture": "#1"},
				"up": {"uv": [4, 7, 5, 8], "texture": "#1"},
				"down": {"uv": [4, 7, 5, 8], "texture": "#1"}
			}
		},
		{
			"from": [6, 1, 8],
			"to": [9, 2, 9],
			"faces": {
				"north": {"uv": [3, 6, 6, 7], "texture": "#1"},
				"east": {"uv": [3, 6, 4, 7], "texture": "#1"},
				"south": {"uv": [3, 6, 6, 7], "texture": "#1"},
				"west": {"uv": [5, 6, 6, 7], "texture": "#1"},
				"up": {"uv": [3, 6, 6, 7], "texture": "#1"},
				"down": {"uv": [3, 6, 6, 7], "texture": "#1"}
			}
		},
		{
			"from": [5, 2, 8],
			"to": [10, 3, 9],
			"faces": {
				"north": {"uv": [2, 5, 7, 6], "texture": "#1"},
				"east": {"uv": [2, 5, 3, 6], "texture": "#1"},
				"south": {"uv": [2, 5, 7, 6], "texture": "#1"},
				"west": {"uv": [6, 5, 7, 6], "texture": "#1"},
				"up": {"uv": [2, 5, 7, 6], "texture": "#1"},
				"down": {"uv": [2, 5, 7, 6], "texture": "#1"}
			}
		},
		{
			"from": [4, 3, 8],
			"to": [11, 4, 9],
			"faces": {
				"north": {"uv": [1, 4, 8, 5], "texture": "#1"},
				"east": {"uv": [1, 4, 2, 5], "texture": "#1"},
				"south": {"uv": [1, 4, 8, 5], "texture": "#1"},
				"west": {"uv": [7, 4, 8, 5], "texture": "#1"},
				"up": {"uv": [1, 4, 8, 5], "texture": "#1"},
				"down": {"uv": [1, 4, 8, 5], "texture": "#1"}
			}
		},
		{
			"from": [3, 4, 8],
			"to": [12, 6, 9],
			"faces": {
				"north": {"uv": [0, 2, 9, 4], "texture": "#1"},
				"east": {"uv": [0, 2, 1, 4], "texture": "#1"},
				"south": {"uv": [0, 2, 9, 4], "texture": "#1"},
				"west": {"uv": [8, 2, 9, 4], "texture": "#1"},
				"up": {"uv": [0, 2, 9, 3], "texture": "#1"},
				"down": {"uv": [0, 3, 9, 4], "texture": "#1"}
			}
		},
		{
			"from": [4, 6, 8],
			"to": [11, 7, 9],
			"faces": {
				"north": {"uv": [1, 1, 8, 2], "texture": "#1"},
				"east": {"uv": [1, 1, 2, 2], "texture": "#1"},
				"south": {"uv": [1, 1, 8, 2], "texture": "#1"},
				"west": {"uv": [7, 1, 8, 2], "texture": "#1"},
				"up": {"uv": [1, 1, 8, 2], "texture": "#1"},
				"down": {"uv": [1, 1, 8, 2], "texture": "#1"}
			}
		},
		{
			"from": [5, 7, 8],
			"to": [7, 8, 9],
			"faces": {
				"north": {"uv": [5, 0, 7, 1], "texture": "#1"},
				"east": {"uv": [5, 0, 6, 1], "texture": "#1"},
				"south": {"uv": [5, 0, 7, 1], "texture": "#1"},
				"west": {"uv": [6, 0, 7, 1], "texture": "#1"},
				"up": {"uv": [5, 0, 7, 1], "texture": "#1"},
				"down": {"uv": [5, 0, 7, 1], "texture": "#1"}
			}
		},
		{
			"from": [8, 7, 8],
			"to": [10, 8, 9],
			"faces": {
				"north": {"uv": [2, 0, 4, 1], "texture": "#1"},
				"east": {"uv": [2, 0, 3, 1], "texture": "#1"},
				"south": {"uv": [2, 0, 4, 1], "texture": "#1"},
				"west": {"uv": [3, 0, 4, 1], "texture": "#1"},
				"up": {"uv": [2, 0, 4, 1], "texture": "#1"},
				"down": {"uv": [2, 0, 4, 1], "texture": "#1"}
			}
		}
	],
	"display": {
		"thirdperson_righthand": {
			"rotation": [0, -90, 0],
			"translation": [0.5, 1.5, -1.25]
		},
		"thirdperson_lefthand": {
			"rotation": [0, -90, 0],
			"translation": [0.5, 1.5, -1.25]
		},
		"firstperson_righthand": {
			"rotation": [0, -30, 0],
			"translation": [6.75, 1.5, -9.25]
		},
		"firstperson_lefthand": {
			"rotation": [0, -30, 0],
			"translation": [6.75, 1.5, -9.25]
		},
		"ground": {
			"translation": [0, 4.25, 0]
		},
		"gui": {
			"translation": [0.85, 6.75, 0],
			"scale": [1.7, 1.7, 1]
		},
		"head": {
			"translation": [0.5, -7, -4]
		},
		"fixed": {
			"translation": [0.75, 6, -0.25],
			"scale": [1.5, 1.5, 1]
		}
	},
	"groups": [
		{
			"name": "group",
			"origin": [8, 8, 8],
			"color": 0,
			"children": [0, 1, 2, 3, 4, 5, 6, 7]
		}
	]
}