{
  "_fv": 34,
  "_type": "item",
  "definition": {
    "renderType": 1,
    "texture": "clear_rainbow",
    "customModelName": "heart_end:default",
    "name": "LGBTQ+ heart",
    "rarity": "EPIC",
    "creativeTab": {
      "value": "CUSTOM:ServerStuff"
    },
    "stackSize": 64,
    "enchantability": 0,
    "useDuration": 0,
    "toolType": 1.0,
    "damageCount": 0,
    "recipeRemainder": {
      "value": ""
    },
    "destroyAnyBlock": false,
    "immuneToFire": true,
    "stayInGridWhenCrafting": true,
    "damageOnCrafting": false,
    "enableMeleeDamage": false,
    "damageVsEntity": 0.0,
    "specialInfo": [],
    "hasGlow": false,
    "guiBoundTo": "<NONE>",
    "inventorySize": 9,
    "inventoryStackSize": 64,
    "isFood": false,
    "nutritionalValue": 0,
    "saturation": 0.30000001192092896,
    "eatResultItem": {
      "value": ""
    },
    "isMeat": false,
    "isAlwaysEdible": false,
    "animation": "eat"
  }
}