{
  "_fv": 34,
  "_type": "achievement",
  "definition": {
    "achievementName": "Respawn the Snow Queen",
    "achievementDescription": "Respawn. the. snow queen",
    "achievementIcon": {
      "value": "CUSTOM:Snowqueenspawn"
    },
    "background": "Default",
    "disableDisplay": false,
    "showPopup": false,
    "announceToChat": false,
    "hideIfNotCompleted": true,
    "rewardLoot": [],
    "rewardRecipes": [],
    "rewardFunction": "No function",
    "rewardXP": 0,
    "achievementType": "task",
    "parent": {
      "value": "CUSTOM:Urghastresp"
    },
    "triggerxml": "<xml xmlns=\"https://developers.google.com/blockly/xml\"><block type=\"custom_trigger\" x=\"19\" y=\"69\"><next><block type=\"advancement_trigger\" deletable=\"false\"></block></next></block></xml>"
  }
}