{
	"credit": "Made with Blockbench",
	"textures": {
		"1": "psarnya"
	},
	"elements": [
		{
			"name": "prav.stena",
			"from": [3, 2, 13],
			"to": [14, 12, 14],
			"faces": {
				"north": {"uv": [0, 8, 8, 16], "texture": "#1"},
				"east": {"uv": [0, 8, 0, 16], "texture": "#1"},
				"south": {"uv": [0, 8, 8, 16], "texture": "#1"},
				"west": {"uv": [0, 8, 0, 16], "texture": "#1"},
				"up": {"uv": [0, 8, 8, 8], "texture": "#1"},
				"down": {"uv": [0, 8, 2.5, 8], "texture": "#1"}
			}
		},
		{
			"name": "lev.stena",
			"from": [3, 2, 2],
			"to": [14, 12, 3],
			"faces": {
				"north": {"uv": [0, 8, 8, 16], "texture": "#1"},
				"east": {"uv": [0, 8, 0, 16], "texture": "#1"},
				"south": {"uv": [0, 8, 8, 16], "texture": "#1"},
				"west": {"uv": [0, 8, 0, 16], "texture": "#1"},
				"up": {"uv": [0, 8, 8, 8.5], "texture": "#1"},
				"down": {"uv": [0, 8, 2.5, 8.5], "texture": "#1"}
			}
		},
		{
			"name": "zad.stena",
			"from": [14, 2, 2],
			"to": [15, 12, 14],
			"faces": {
				"north": {"uv": [8, 0, 9, 10], "texture": "#1"},
				"east": {"uv": [8, 0, 16, 8], "texture": "#1"},
				"south": {"uv": [8, 0, 9, 10], "texture": "#1"},
				"west": {"uv": [8, 0, 16, 8], "texture": "#1"},
				"up": {"uv": [8, 0, 16, 1], "rotation": 90, "texture": "#1"},
				"down": {"uv": [10, 0, 16, 0.5], "rotation": 270, "texture": "#1"}
			}
		},
		{
			"name": "parket",
			"from": [2, 1, 2],
			"to": [15, 2, 14],
			"faces": {
				"north": {"uv": [8, 12, 16, 13], "texture": "#1"},
				"east": {"uv": [8, 7, 16, 8], "texture": "#1"},
				"south": {"uv": [8, 14, 16, 15], "texture": "#1"},
				"west": {"uv": [8, 15, 16, 16], "texture": "#1"},
				"up": {"uv": [0, 8, 8, 16], "texture": "#1"},
				"down": {"uv": [0, 8, 8, 16], "texture": "#1"}
			}
		},
		{
			"name": "verh",
			"from": [2, 9, 2],
			"to": [3, 12, 14],
			"faces": {
				"north": {"uv": [9.5, 3.5, 10.5, 6.5], "texture": "#1"},
				"east": {"uv": [8, 0, 16, 3], "texture": "#1"},
				"south": {"uv": [8, 3.5, 9, 6.5], "texture": "#1"},
				"west": {"uv": [8, 0, 16, 3], "texture": "#1"},
				"up": {"uv": [12, 0, 13, 8], "texture": "#1"},
				"down": {"uv": [8, 8, 9, 16], "texture": "#1"}
			}
		},
		{
			"name": "prav",
			"from": [2, 2, 11],
			"to": [3, 9, 14],
			"faces": {
				"north": {"uv": [14, 8, 15, 15], "texture": "#1"},
				"east": {"uv": [8, 0, 11, 7], "texture": "#1"},
				"south": {"uv": [13.5, 0, 14.5, 7], "texture": "#1"},
				"west": {"uv": [8, 0, 11, 7], "texture": "#1"},
				"up": {"uv": [12, 0, 13, 3], "texture": "#1"},
				"down": {"uv": [12.5, 4, 13, 5.5], "texture": "#1"}
			}
		},
		{
			"name": "lev",
			"from": [2, 2, 2],
			"to": [3, 9, 5],
			"faces": {
				"north": {"uv": [13.5, 0, 14.5, 7], "texture": "#1"},
				"east": {"uv": [8, 0, 11, 7], "texture": "#1"},
				"south": {"uv": [14.5, 8.5, 15.5, 15.5], "texture": "#1"},
				"west": {"uv": [8, 0, 11, 7], "texture": "#1"},
				"up": {"uv": [12, 0, 13, 3], "texture": "#1"},
				"down": {"uv": [12, 3.5, 12.5, 5], "texture": "#1"}
			}
		},
		{
			"name": "lev.noga",
			"from": [1, 0, 2],
			"to": [16, 1, 3],
			"faces": {
				"north": {"uv": [0, 9.5, 7.5, 10.5], "texture": "#1"},
				"east": {"uv": [0, 10, 1, 11], "texture": "#1"},
				"south": {"uv": [1, 13, 16, 14], "texture": "#1"},
				"west": {"uv": [7, 12, 8, 13], "texture": "#1"},
				"up": {"uv": [1, 8.5, 16, 9.5], "texture": "#1"},
				"down": {"uv": [2.5, 14.5, 15.5, 15.5], "texture": "#1"}
			}
		},
		{
			"name": "prav.noga",
			"from": [1, 0, 13],
			"to": [16, 1, 14],
			"faces": {
				"north": {"uv": [0.5, 11.5, 15.5, 12.5], "texture": "#1"},
				"east": {"uv": [0.5, 14, 1.5, 15], "texture": "#1"},
				"south": {"uv": [0, 15, 15, 16], "texture": "#1"},
				"west": {"uv": [5.5, 12.5, 6.5, 13.5], "texture": "#1"},
				"up": {"uv": [0, 10, 15, 11], "texture": "#1"},
				"down": {"uv": [0, 8, 15, 9], "texture": "#1"}
			}
		},
		{
			"name": "lev.krisha",
			"from": [0, 10, -1],
			"to": [17, 21, 0],
			"rotation": {"angle": 45, "axis": "x", "origin": [0, 10, 0]},
			"faces": {
				"north": {"uv": [0, 0, 8, 8], "texture": "#1"},
				"east": {"uv": [0, 0, 1, 8], "texture": "#1"},
				"south": {"uv": [0, 0, 8, 8], "texture": "#1"},
				"west": {"uv": [0, 0, 1, 8], "texture": "#1"},
				"up": {"uv": [0, 0, 8, 1], "texture": "#1"},
				"down": {"uv": [0, 0, 8, 0.5], "texture": "#1"}
			}
		},
		{
			"name": "prav.krisha",
			"from": [0, 21, 0],
			"to": [17, 22, 11],
			"rotation": {"angle": 45, "axis": "x", "origin": [0, 10, 0]},
			"faces": {
				"north": {"uv": [0, 0, 8, 1], "rotation": 180, "texture": "#1"},
				"east": {"uv": [0, 0, 1, 8], "rotation": 90, "texture": "#1"},
				"south": {"uv": [0, 0, 8, 1], "texture": "#1"},
				"west": {"uv": [0, 0, 1, 8], "rotation": 270, "texture": "#1"},
				"up": {"uv": [0, 0, 8, 8], "texture": "#1"},
				"down": {"uv": [0, 0, 8, 8], "rotation": 180, "texture": "#1"}
			}
		},
		{
			"name": "konyok",
			"from": [-1, 18.4, 6.7],
			"to": [18, 19.4, 7.7],
			"rotation": {"angle": 45, "axis": "x", "origin": [0, 18, 7]},
			"faces": {
				"north": {"uv": [0, 0, 8, 1], "rotation": 180, "texture": "#1"},
				"east": {"uv": [0, 0, 1, 1], "rotation": 270, "texture": "#1"},
				"south": {"uv": [0, 0, 8, 1], "texture": "#1"},
				"west": {"uv": [0, 0, 1, 1], "rotation": 90, "texture": "#1"},
				"up": {"uv": [0, 0, 8, 1], "rotation": 180, "texture": "#1"},
				"down": {"uv": [0, 0, 8, 1], "texture": "#1"}
			}
		},
		{
			"name": "krisha.stena1",
			"from": [2, 12, 2],
			"to": [3, 13, 13.9],
			"faces": {
				"north": {"uv": [0, 0, 1, 1], "texture": "#1"},
				"east": {"uv": [0, 11, 16, 12], "texture": "#1"},
				"south": {"uv": [0, 0, 1, 1], "texture": "#1"},
				"west": {"uv": [16, 10, 8, 15], "texture": "#1"},
				"up": {"uv": [6.5, 5.1, 8, 16], "texture": "#1"},
				"down": {"uv": [0, 0, 0.5, 5.95], "texture": "#1"}
			}
		},
		{
			"name": "krisha.stena2",
			"from": [2, 13, 3],
			"to": [3, 14, 12.9],
			"faces": {
				"north": {"uv": [0, 0, 1, 1], "texture": "#1"},
				"east": {"uv": [0, 12, 16, 13], "texture": "#1"},
				"south": {"uv": [0, 0, 1, 1], "texture": "#1"},
				"west": {"uv": [16, 15, 8, 16], "texture": "#1"},
				"up": {"uv": [6.5, 5.1, 8, 14], "texture": "#1"},
				"down": {"uv": [0, 0, 0.5, 4.95], "texture": "#1"}
			}
		},
		{
			"name": "krisha.stena3",
			"from": [2, 14, 4],
			"to": [3, 15, 11.9],
			"faces": {
				"north": {"uv": [0, 0, 1, 1], "texture": "#1"},
				"east": {"uv": [0, 12, 16, 13], "texture": "#1"},
				"south": {"uv": [0, 0, 1, 1], "texture": "#1"},
				"west": {"uv": [16, 14, 8, 16], "texture": "#1"},
				"up": {"uv": [6.5, 5.1, 8, 12], "texture": "#1"},
				"down": {"uv": [0, 0, 0.5, 3.95], "texture": "#1"}
			}
		},
		{
			"name": "krisha.stena4",
			"from": [2, 15, 5],
			"to": [3, 16, 10.9],
			"faces": {
				"north": {"uv": [0, 0, 1, 1], "texture": "#1"},
				"east": {"uv": [0, 12, 16, 13], "texture": "#1"},
				"south": {"uv": [0, 0, 1, 1], "texture": "#1"},
				"west": {"uv": [8, 14, 16, 16], "texture": "#1"},
				"up": {"uv": [6.5, 5.1, 8, 10], "texture": "#1"},
				"down": {"uv": [0, 0, 0.5, 2.95], "texture": "#1"}
			}
		},
		{
			"name": "krisha.stena5",
			"from": [2, 16, 6],
			"to": [3, 17, 9.9],
			"faces": {
				"north": {"uv": [0, 0, 1, 1], "texture": "#1"},
				"east": {"uv": [0, 12, 16, 13], "texture": "#1"},
				"south": {"uv": [0, 0, 1, 1], "texture": "#1"},
				"west": {"uv": [16, 12, 8, 16], "texture": "#1"},
				"up": {"uv": [6.5, 5.1, 8, 8], "texture": "#1"},
				"down": {"uv": [0, 0, 0.5, 1.95], "texture": "#1"}
			}
		},
		{
			"name": "krisha.stena6",
			"from": [2, 17, 7],
			"to": [3, 18, 8.9],
			"faces": {
				"north": {"uv": [0, 0, 1, 1], "texture": "#1"},
				"east": {"uv": [0, 12, 15.9, 13], "texture": "#1"},
				"south": {"uv": [0, 0, 1, 1], "texture": "#1"},
				"west": {"uv": [8, 11, 16, 16], "texture": "#1"},
				"up": {"uv": [6.5, 5.1, 8, 6], "texture": "#1"},
				"down": {"uv": [0, 0, 0.5, 0.95], "texture": "#1"}
			}
		},
		{
			"name": "krisha.stena7",
			"from": [14, 12, 2],
			"to": [15, 13, 13.9],
			"faces": {
				"north": {"uv": [0, 0, 1, 1], "texture": "#1"},
				"east": {"uv": [9, 9, 15, 14.5], "texture": "#1"},
				"south": {"uv": [0, 0, 1, 1], "texture": "#1"},
				"west": {"uv": [9, 9, 15, 14.5], "texture": "#1"},
				"up": {"uv": [0, 0, 1, 11.9], "texture": "#1"},
				"down": {"uv": [0, 0, 0.5, 5.95], "texture": "#1"}
			}
		},
		{
			"name": "krisha.stena8",
			"from": [14, 13, 3],
			"to": [15, 14, 12.9],
			"faces": {
				"north": {"uv": [0, 0, 1, 1], "texture": "#1"},
				"east": {"uv": [9, 9, 15, 14.5], "texture": "#1"},
				"south": {"uv": [0, 0, 1, 1], "texture": "#1"},
				"west": {"uv": [9, 9, 15, 14.5], "texture": "#1"},
				"up": {"uv": [0, 0, 1, 9.9], "texture": "#1"},
				"down": {"uv": [0, 0, 0.5, 4.95], "texture": "#1"}
			}
		},
		{
			"name": "krisha.stena9",
			"from": [14, 14, 4],
			"to": [15, 15, 11.9],
			"faces": {
				"north": {"uv": [0, 0, 1, 1], "texture": "#1"},
				"east": {"uv": [9, 9, 15, 14.5], "texture": "#1"},
				"south": {"uv": [0, 0, 1, 1], "texture": "#1"},
				"west": {"uv": [9, 9, 15, 14.5], "texture": "#1"},
				"up": {"uv": [0, 0, 1, 7.9], "texture": "#1"},
				"down": {"uv": [0, 0, 0.5, 3.95], "texture": "#1"}
			}
		},
		{
			"name": "krisha.stena10",
			"from": [14, 15, 5],
			"to": [15, 16, 10.9],
			"faces": {
				"north": {"uv": [0, 0, 1, 1], "texture": "#1"},
				"east": {"uv": [9, 9, 15, 14.5], "texture": "#1"},
				"south": {"uv": [0, 0, 1, 1], "texture": "#1"},
				"west": {"uv": [9, 9, 15, 14.5], "texture": "#1"},
				"up": {"uv": [0, 0, 1, 5.9], "texture": "#1"},
				"down": {"uv": [0, 0, 0.5, 2.95], "texture": "#1"}
			}
		},
		{
			"name": "krisha.stena11",
			"from": [14, 16, 6],
			"to": [15, 17, 9.9],
			"faces": {
				"north": {"uv": [0, 0, 1, 1], "texture": "#1"},
				"east": {"uv": [9, 9, 15, 14.5], "texture": "#1"},
				"south": {"uv": [0, 0, 1, 1], "texture": "#1"},
				"west": {"uv": [9, 9, 15, 14.5], "texture": "#1"},
				"up": {"uv": [0, 0, 1, 3.9], "texture": "#1"},
				"down": {"uv": [0, 0, 0.5, 1.95], "texture": "#1"}
			}
		},
		{
			"name": "krisha.stena12",
			"from": [14, 17, 7],
			"to": [15, 18, 8.9],
			"faces": {
				"north": {"uv": [0, 0, 1, 1], "texture": "#1"},
				"east": {"uv": [9, 9, 15, 14.5], "texture": "#1"},
				"south": {"uv": [0, 0, 1, 1], "texture": "#1"},
				"west": {"uv": [9, 9, 14.9, 14.5], "texture": "#1"},
				"up": {"uv": [0, 0, 1, 1.9], "texture": "#1"},
				"down": {"uv": [0, 0, 0.5, 0.95], "texture": "#1"}
			}
		}
	],
	"display": {
		"thirdperson_righthand": {
			"rotation": [22.3, -70.66, 4.51],
			"translation": [0, 0.5, -0.75],
			"scale": [0.23438, 0.20508, 0.22656]
		},
		"thirdperson_lefthand": {
			"rotation": [-73.97, 54.5, 118.33],
			"scale": [0.23438, 0.20508, 0.22656]
		},
		"firstperson_righthand": {
			"rotation": [8.65, -74.43, 3.07],
			"translation": [-0.75, 3.25, 2],
			"scale": [0.20117, 0.20508, 0.22656]
		},
		"firstperson_lefthand": {
			"rotation": [0, 78.5, 0],
			"translation": [1.5, 2, 0.75],
			"scale": [0.19727, 0.20508, 0.22656]
		},
		"ground": {
			"translation": [0, -0.5, 0],
			"scale": [0.2, 0.2, 0.2]
		},
		"gui": {
			"rotation": [0, 101, 0],
			"scale": [0.6, 0.6, 0.6]
		},
		"head": {
			"rotation": [0, -89.5, 0],
			"translation": [0, 2, -0.25]
		},
		"fixed": {
			"rotation": [0, -90, 0],
			"scale": [0.8, 0.8, 0.8]
		}
	},
	"groups": [
		0,
		1,
		2,
		3,
		{
			"name": "dver",
			"origin": [0, 0, 0],
			"color": 0,
			"children": [4, 5, 6]
		},
		7,
		8,
		{
			"name": "krisha",
			"origin": [0, 18, 7],
			"color": 0,
			"children": [9, 10, 11]
		},
		{
			"name": "gkrisha.stena",
			"origin": [0, 0, 0],
			"color": 0,
			"children": [12, 13, 14, 15, 16, 17]
		},
		{
			"name": "gkrisha.stena2",
			"origin": [0, 0, 0],
			"color": 0,
			"children": [18, 19, 20, 21, 22, 23]
		}
	]
}