{
	"credit": "Made with Blockbench",
	"texture_size": [65, 98],
	"textures": {
		"0": "Moon",
		"particle": "Moon"
	},
	"elements": [
		{
			"from": [10, 15, 7],
			"to": [11, 16, 9],
			"rotation": {"angle": 0, "axis": "y", "origin": [10, 15, 7]},
			"faces": {
				"north": {"uv": [2.46154, 0, 2.95385, 0.32653], "texture": "#0"},
				"east": {"uv": [11.07692, 5.38776, 12.06154, 5.55102], "texture": "#0"},
				"south": {"uv": [4.92308, 5.38776, 5.41538, 5.71429], "texture": "#0"},
				"west": {"uv": [0, 0, 0.49231, 0.16327], "texture": "#0"},
				"up": {"uv": [4.92308, 13.06122, 5.41538, 13.71429], "texture": "#0"},
				"down": {"uv": [0, 0, 0.24615, 0.32653], "texture": "#0"}
			}
		},
		{
			"from": [5, 15, 7],
			"to": [6, 16, 9],
			"rotation": {"angle": 0, "axis": "y", "origin": [5, 15, 7]},
			"faces": {
				"north": {"uv": [4.92308, 0, 5.41538, 0.32653], "texture": "#0"},
				"east": {"uv": [0, 0, 0.49231, 0.16327], "texture": "#0"},
				"south": {"uv": [2.46154, 5.38776, 2.95385, 5.71429], "texture": "#0"},
				"west": {"uv": [11.56923, 0, 12.55385, 0.32653], "texture": "#0"},
				"up": {"uv": [2.46154, 13.06122, 2.95385, 13.71429], "texture": "#0"},
				"down": {"uv": [0, 0, 0.24615, 0.32653], "texture": "#0"}
			}
		},
		{
			"from": [6, 15, 6],
			"to": [7, 16, 10],
			"rotation": {"angle": 0, "axis": "y", "origin": [6, 15, 6]},
			"faces": {
				"north": {"uv": [4.43077, 0, 4.92308, 0.32653], "texture": "#0"},
				"east": {"uv": [0, 0, 0.98462, 0.16327], "texture": "#0"},
				"south": {"uv": [2.95385, 5.38776, 3.44615, 5.71429], "texture": "#0"},
				"west": {"uv": [11.07692, 0, 13.04615, 0.32653], "texture": "#0"},
				"up": {"uv": [2.95385, 12.73469, 3.44615, 14.04082], "texture": "#0"},
				"down": {"uv": [0, 0, 0.24615, 0.65306], "texture": "#0"}
			}
		},
		{
			"from": [9, 15, 6],
			"to": [10, 16, 10],
			"rotation": {"angle": 0, "axis": "y", "origin": [9, 15, 6]},
			"faces": {
				"north": {"uv": [2.95385, 0, 3.44615, 0.32653], "texture": "#0"},
				"east": {"uv": [10.58462, 5.38776, 12.55385, 5.71429], "texture": "#0"},
				"south": {"uv": [4.43077, 5.38776, 4.92308, 5.71429], "texture": "#0"},
				"west": {"uv": [0, 0, 0.98462, 0.16327], "texture": "#0"},
				"up": {"uv": [4.43077, 12.73469, 4.92308, 14.04082], "texture": "#0"},
				"down": {"uv": [0, 0, 0.24615, 0.65306], "texture": "#0"}
			}
		},
		{
			"from": [7, 15, 5],
			"to": [9, 16, 11],
			"rotation": {"angle": 0, "axis": "y", "origin": [7, 15, 5]},
			"faces": {
				"north": {"uv": [3.44615, 0, 4.43077, 0.32653], "texture": "#0"},
				"east": {"uv": [10.09231, 5.38776, 13.04615, 5.71429], "texture": "#0"},
				"south": {"uv": [3.44615, 5.38776, 3.93846, 5.71429], "texture": "#0"},
				"west": {"uv": [10.58462, 0, 13.53846, 0.32653], "texture": "#0"},
				"up": {"uv": [3.44615, 12.40816, 4.43077, 14.36735], "texture": "#0"},
				"down": {"uv": [0, 0, 0.49231, 0.97959], "texture": "#0"}
			}
		},
		{
			"from": [7, 0, 5],
			"to": [9, 1, 11],
			"rotation": {"angle": 0, "axis": "y", "origin": [7, 0, 5]},
			"faces": {
				"north": {"uv": [3.44615, 4.89796, 4.43077, 5.22449], "texture": "#0"},
				"east": {"uv": [10.58462, 10.28571, 13.53846, 10.61224], "texture": "#0"},
				"south": {"uv": [3.44615, 10.28571, 4.43077, 10.61224], "texture": "#0"},
				"west": {"uv": [10.58462, 4.89796, 13.53846, 5.22449], "texture": "#0"},
				"up": {"uv": [0, 0, 0.49231, 0.97959], "texture": "#0"},
				"down": {"uv": [11.56923, 12.40816, 12.55385, 14.36735], "texture": "#0"}
			}
		},
		{
			"from": [9, 0, 6],
			"to": [10, 1, 10],
			"rotation": {"angle": 0, "axis": "y", "origin": [9, 0, 6]},
			"faces": {
				"north": {"uv": [2.95385, 4.89796, 3.44615, 5.22449], "texture": "#0"},
				"east": {"uv": [11.07692, 10.28571, 13.04615, 10.61224], "texture": "#0"},
				"south": {"uv": [4.43077, 10.28571, 4.92308, 10.61224], "texture": "#0"},
				"west": {"uv": [0, 0, 0.98462, 0.16327], "texture": "#0"},
				"up": {"uv": [0, 0, 0.24615, 0.65306], "texture": "#0"},
				"down": {"uv": [12.55385, 12.73469, 13.04615, 14.04082], "texture": "#0"}
			}
		},
		{
			"from": [6, 0, 6],
			"to": [7, 1, 10],
			"rotation": {"angle": 0, "axis": "y", "origin": [6, 0, 6]},
			"faces": {
				"north": {"uv": [4.43077, 4.89796, 4.92308, 5.22449], "texture": "#0"},
				"east": {"uv": [4.18462, 4.89796, 4.67692, 5.22449], "texture": "#0"},
				"south": {"uv": [2.95385, 10.28571, 3.44615, 10.61224], "texture": "#0"},
				"west": {"uv": [11.07692, 4.89796, 13.04615, 5.22449], "texture": "#0"},
				"up": {"uv": [4.18462, 4.89796, 4.67692, 5.22449], "texture": "#0"},
				"down": {"uv": [11.07692, 12.73469, 11.56923, 14.04082], "texture": "#0"}
			}
		},
		{
			"from": [5, 0, 7],
			"to": [6, 1, 9],
			"rotation": {"angle": 0, "axis": "y", "origin": [5, 0, 7]},
			"faces": {
				"north": {"uv": [4.92308, 4.89796, 5.41538, 5.22449], "texture": "#0"},
				"east": {"uv": [0, 0, 0.49231, 0.16327], "texture": "#0"},
				"south": {"uv": [2.46154, 10.28571, 2.95385, 10.61224], "texture": "#0"},
				"west": {"uv": [11.56923, 4.89796, 12.55385, 5.22449], "texture": "#0"},
				"up": {"uv": [0, 0, 0.24615, 0.32653], "texture": "#0"},
				"down": {"uv": [10.58462, 13.06122, 11.07692, 13.71429], "texture": "#0"}
			}
		},
		{
			"from": [10, 0, 7],
			"to": [11, 1, 9],
			"rotation": {"angle": 0, "axis": "y", "origin": [10, 0, 7]},
			"faces": {
				"north": {"uv": [2.46154, 4.89796, 2.95385, 5.22449], "texture": "#0"},
				"east": {"uv": [11.56923, 10.28571, 12.55385, 10.61224], "texture": "#0"},
				"south": {"uv": [4.92308, 10.28571, 5.41538, 10.61224], "texture": "#0"},
				"west": {"uv": [0, 0, 0.49231, 0.16327], "texture": "#0"},
				"up": {"uv": [0, 0, 0.24615, 0.32653], "texture": "#0"},
				"down": {"uv": [13.04615, 13.06122, 13.53846, 13.71429], "texture": "#0"}
			}
		},
		{
			"from": [7, 1, 3],
			"to": [9, 2, 5],
			"rotation": {"angle": 0, "axis": "y", "origin": [8, 1, 4]},
			"faces": {
				"north": {"uv": [3.44615, 4.57143, 4.43077, 4.89796], "texture": "#0"},
				"east": {"uv": [14.03077, 9.95918, 14.52308, 10.28571], "texture": "#0"},
				"south": {"uv": [0, 0, 0.49231, 0.16327], "texture": "#0"},
				"west": {"uv": [9.6, 4.57143, 10.09231, 4.89796], "texture": "#0"},
				"up": {"uv": [0, 0, 0.49231, 0.32653], "texture": "#0"},
				"down": {"uv": [11.56923, 14.36735, 12.55385, 15.02041], "texture": "#0"}
			}
		},
		{
			"from": [4, 14, 10],
			"to": [5, 15, 11],
			"rotation": {"angle": 0, "axis": "y", "origin": [4, 14, 10]},
			"faces": {
				"north": {"uv": [2.95385, 2.28571, 3.2, 2.44898], "texture": "#0"},
				"east": {"uv": [0, 0, 0.24615, 0.16327], "texture": "#0"},
				"south": {"uv": [1.96923, 5.71429, 2.46154, 6.04082], "texture": "#0"},
				"west": {"uv": [13.04615, 0.32653, 13.53846, 0.65306], "texture": "#0"},
				"up": {"uv": [1.96923, 14.04082, 2.46154, 14.36735], "texture": "#0"},
				"down": {"uv": [0, 0, 0.24615, 0.16327], "texture": "#0"}
			}
		},
		{
			"from": [11, 14, 10],
			"to": [12, 15, 11],
			"rotation": {"angle": 0, "axis": "y", "origin": [11, 14, 10]},
			"faces": {
				"north": {"uv": [2.95385, 2.28571, 3.2, 2.44898], "texture": "#0"},
				"east": {"uv": [10.58462, 5.71429, 11.07692, 6.04082], "texture": "#0"},
				"south": {"uv": [5.41538, 5.71429, 5.90769, 6.04082], "texture": "#0"},
				"west": {"uv": [0, 0, 0.24615, 0.16327], "texture": "#0"},
				"up": {"uv": [5.41538, 14.04082, 5.90769, 14.36735], "texture": "#0"},
				"down": {"uv": [0, 0, 0.24615, 0.16327], "texture": "#0"}
			}
		},
		{
			"from": [11, 14, 5],
			"to": [12, 15, 6],
			"rotation": {"angle": 0, "axis": "y", "origin": [11, 14, 5]},
			"faces": {
				"north": {"uv": [1.96923, 0.32653, 2.46154, 0.65306], "texture": "#0"},
				"east": {"uv": [13.04615, 5.71429, 13.53846, 6.04082], "texture": "#0"},
				"south": {"uv": [0, 0, 0.24615, 0.16327], "texture": "#0"},
				"west": {"uv": [0, 0, 0.24615, 0.16327], "texture": "#0"},
				"up": {"uv": [5.41538, 12.40816, 5.90769, 12.73469], "texture": "#0"},
				"down": {"uv": [0, 0, 0.24615, 0.16327], "texture": "#0"}
			}
		},
		{
			"from": [4, 14, 5],
			"to": [5, 15, 6],
			"rotation": {"angle": 0, "axis": "y", "origin": [4, 14, 5]},
			"faces": {
				"north": {"uv": [5.90769, 0.32653, 6.4, 0.65306], "texture": "#0"},
				"east": {"uv": [0, 0, 0.24615, 0.16327], "texture": "#0"},
				"south": {"uv": [0, 0, 0.24615, 0.16327], "texture": "#0"},
				"west": {"uv": [10.58462, 0.32653, 11.07692, 0.65306], "texture": "#0"},
				"up": {"uv": [1.96923, 12.40816, 2.46154, 12.73469], "texture": "#0"},
				"down": {"uv": [0, 0, 0.24615, 0.16327], "texture": "#0"}
			}
		},
		{
			"from": [4, 14, 9],
			"to": [12, 15, 10],
			"rotation": {"angle": 0, "axis": "y", "origin": [4, 14, 9]},
			"faces": {
				"north": {"uv": [2.95385, 2.28571, 4.92308, 2.44898], "texture": "#0"},
				"east": {"uv": [11.07692, 5.71429, 11.56923, 6.04082], "texture": "#0"},
				"south": {"uv": [0, 0, 1.96923, 0.16327], "texture": "#0"},
				"west": {"uv": [12.55385, 0.32653, 13.04615, 0.65306], "texture": "#0"},
				"up": {"uv": [1.96923, 13.71429, 5.90769, 14.04082], "texture": "#0"},
				"down": {"uv": [0, 0, 1.96923, 0.16327], "texture": "#0"}
			}
		},
		{
			"from": [4, 14, 6],
			"to": [12, 15, 7],
			"rotation": {"angle": 0, "axis": "y", "origin": [4, 14, 6]},
			"faces": {
				"north": {"uv": [2.95385, 2.28571, 4.92308, 2.44898], "texture": "#0"},
				"east": {"uv": [12.55385, 5.71429, 13.04615, 6.04082], "texture": "#0"},
				"south": {"uv": [0, 0, 1.96923, 0.16327], "texture": "#0"},
				"west": {"uv": [11.07692, 0.32653, 11.56923, 0.65306], "texture": "#0"},
				"up": {"uv": [1.96923, 12.73469, 5.90769, 13.06122], "texture": "#0"},
				"down": {"uv": [0, 0, 1.96923, 0.16327], "texture": "#0"}
			}
		},
		{
			"from": [5, 14, 10],
			"to": [7, 15, 12],
			"rotation": {"angle": 0, "axis": "y", "origin": [6, 14, 11]},
			"faces": {
				"north": {"uv": [2.95385, 2.28571, 3.44615, 2.44898], "texture": "#0"},
				"east": {"uv": [0, 0, 0.49231, 0.16327], "texture": "#0"},
				"south": {"uv": [2.46154, 5.71429, 3.44615, 6.04082], "texture": "#0"},
				"west": {"uv": [13.53846, 0.32653, 14.03077, 0.65306], "texture": "#0"},
				"up": {"uv": [2.46154, 14.04082, 3.44615, 14.69388], "texture": "#0"},
				"down": {"uv": [0, 0, 0.49231, 0.32653], "texture": "#0"}
			}
		},
		{
			"from": [9, 14, 10],
			"to": [11, 15, 12],
			"rotation": {"angle": 0, "axis": "y", "origin": [10, 14, 11]},
			"faces": {
				"north": {"uv": [2.95385, 2.28571, 3.44615, 2.44898], "texture": "#0"},
				"east": {"uv": [10.09231, 5.71429, 10.58462, 6.04082], "texture": "#0"},
				"south": {"uv": [4.43077, 5.71429, 5.41538, 6.04082], "texture": "#0"},
				"west": {"uv": [0, 0, 0.49231, 0.16327], "texture": "#0"},
				"up": {"uv": [4.43077, 14.04082, 5.41538, 14.69388], "texture": "#0"},
				"down": {"uv": [0, 0, 0.49231, 0.32653], "texture": "#0"}
			}
		},
		{
			"from": [5, 14, 4],
			"to": [7, 15, 6],
			"rotation": {"angle": 0, "axis": "y", "origin": [6, 14, 5]},
			"faces": {
				"north": {"uv": [4.43077, 0.32653, 5.41538, 0.65306], "texture": "#0"},
				"east": {"uv": [0, 0, 0.49231, 0.16327], "texture": "#0"},
				"south": {"uv": [0, 0, 0.49231, 0.16327], "texture": "#0"},
				"west": {"uv": [10.09231, 0.32653, 10.58462, 0.65306], "texture": "#0"},
				"up": {"uv": [2.46154, 12.08163, 3.44615, 12.73469], "texture": "#0"},
				"down": {"uv": [0, 0, 0.49231, 0.32653], "texture": "#0"}
			}
		},
		{
			"from": [9, 14, 4],
			"to": [11, 15, 6],
			"rotation": {"angle": 0, "axis": "y", "origin": [10, 14, 5]},
			"faces": {
				"north": {"uv": [2.46154, 0.32653, 3.44615, 0.65306], "texture": "#0"},
				"east": {"uv": [13.53846, 5.71429, 14.03077, 6.04082], "texture": "#0"},
				"south": {"uv": [0, 0, 0.49231, 0.16327], "texture": "#0"},
				"west": {"uv": [0, 0, 0.49231, 0.16327], "texture": "#0"},
				"up": {"uv": [4.43077, 12.08163, 5.41538, 12.73469], "texture": "#0"},
				"down": {"uv": [0, 0, 0.49231, 0.32653], "texture": "#0"}
			}
		},
		{
			"from": [11, 14, 7],
			"to": [13, 15, 9],
			"rotation": {"angle": 0, "axis": "y", "origin": [12, 14, 8]},
			"faces": {
				"north": {"uv": [1.47692, 0.32653, 1.96923, 0.65306], "texture": "#0"},
				"east": {"uv": [11.56923, 5.71429, 12.55385, 6.04082], "texture": "#0"},
				"south": {"uv": [5.90769, 5.71429, 6.4, 6.04082], "texture": "#0"},
				"west": {"uv": [0, 0, 0.49231, 0.16327], "texture": "#0"},
				"up": {"uv": [5.41538, 13.06122, 6.4, 13.71429], "texture": "#0"},
				"down": {"uv": [0, 0, 0.49231, 0.32653], "texture": "#0"}
			}
		},
		{
			"from": [3, 14, 7],
			"to": [5, 15, 9],
			"rotation": {"angle": 0, "axis": "y", "origin": [4, 14, 8]},
			"faces": {
				"north": {"uv": [6.4, 0.32653, 6.89231, 0.65306], "texture": "#0"},
				"east": {"uv": [0, 0, 0.49231, 0.16327], "texture": "#0"},
				"south": {"uv": [1.47692, 5.71429, 1.96923, 6.04082], "texture": "#0"},
				"west": {"uv": [11.56923, 0.32653, 12.55385, 0.65306], "texture": "#0"},
				"up": {"uv": [1.47692, 13.06122, 2.46154, 13.71429], "texture": "#0"},
				"down": {"uv": [0, 0, 0.49231, 0.32653], "texture": "#0"}
			}
		},
		{
			"from": [7, 14, 11],
			"to": [9, 15, 13],
			"rotation": {"angle": 0, "axis": "y", "origin": [8, 14, 12]},
			"faces": {
				"north": {"uv": [2.95385, 2.28571, 3.44615, 2.44898], "texture": "#0"},
				"east": {"uv": [9.6, 5.71429, 10.09231, 6.04082], "texture": "#0"},
				"south": {"uv": [3.44615, 5.71429, 4.43077, 6.04082], "texture": "#0"},
				"west": {"uv": [14.03077, 0.32653, 14.52308, 0.65306], "texture": "#0"},
				"up": {"uv": [3.44615, 14.36735, 4.43077, 15.02041], "texture": "#0"},
				"down": {"uv": [0, 0, 0.49231, 0.32653], "texture": "#0"}
			}
		},
		{
			"from": [7, 14, 3],
			"to": [9, 15, 5],
			"rotation": {"angle": 0, "axis": "y", "origin": [8, 14, 4]},
			"faces": {
				"north": {"uv": [3.44615, 0.32653, 4.43077, 0.65306], "texture": "#0"},
				"east": {"uv": [14.03077, 5.71429, 14.52308, 6.04082], "texture": "#0"},
				"south": {"uv": [0, 0, 0.49231, 0.16327], "texture": "#0"},
				"west": {"uv": [9.6, 0.32653, 10.09231, 0.65306], "texture": "#0"},
				"up": {"uv": [3.44615, 11.7551, 4.43077, 12.40816], "texture": "#0"},
				"down": {"uv": [0, 0, 0.49231, 0.32653], "texture": "#0"}
			}
		},
		{
			"from": [7, 1, 11],
			"to": [9, 2, 13],
			"rotation": {"angle": 0, "axis": "y", "origin": [8, 1, 12]},
			"faces": {
				"north": {"uv": [2.95385, 2.28571, 3.44615, 2.44898], "texture": "#0"},
				"east": {"uv": [9.6, 9.95918, 10.09231, 10.28571], "texture": "#0"},
				"south": {"uv": [3.44615, 9.95918, 4.43077, 10.28571], "texture": "#0"},
				"west": {"uv": [14.03077, 4.57143, 14.52308, 4.89796], "texture": "#0"},
				"up": {"uv": [0, 0, 0.49231, 0.32653], "texture": "#0"},
				"down": {"uv": [11.56923, 11.7551, 12.55385, 12.40816], "texture": "#0"}
			}
		},
		{
			"from": [3, 1, 7],
			"to": [5, 2, 9],
			"rotation": {"angle": 0, "axis": "y", "origin": [4, 1, 8]},
			"faces": {
				"north": {"uv": [5.90769, 4.57143, 6.4, 4.89796], "texture": "#0"},
				"east": {"uv": [0, 0, 0.49231, 0.16327], "texture": "#0"},
				"south": {"uv": [1.47692, 9.95918, 1.96923, 10.28571], "texture": "#0"},
				"west": {"uv": [11.56923, 4.57143, 12.55385, 4.89796], "texture": "#0"},
				"up": {"uv": [0, 0, 0.49231, 0.32653], "texture": "#0"},
				"down": {"uv": [9.6, 13.06122, 10.58462, 13.71429], "texture": "#0"}
			}
		},
		{
			"from": [11, 1, 7],
			"to": [13, 2, 9],
			"rotation": {"angle": 0, "axis": "y", "origin": [12, 1, 8]},
			"faces": {
				"north": {"uv": [1.47692, 4.57143, 1.96923, 4.89796], "texture": "#0"},
				"east": {"uv": [11.56923, 9.95918, 12.55385, 10.28571], "texture": "#0"},
				"south": {"uv": [5.90769, 9.95918, 6.4, 10.28571], "texture": "#0"},
				"west": {"uv": [0, 0, 0.49231, 0.16327], "texture": "#0"},
				"up": {"uv": [0, 0, 0.49231, 0.32653], "texture": "#0"},
				"down": {"uv": [13.53846, 13.06122, 14.52308, 13.71429], "texture": "#0"}
			}
		},
		{
			"from": [9, 1, 4],
			"to": [11, 2, 6],
			"rotation": {"angle": 0, "axis": "y", "origin": [10, 1, 5]},
			"faces": {
				"north": {"uv": [2.46154, 4.57143, 3.44615, 4.89796], "texture": "#0"},
				"east": {"uv": [13.53846, 9.95918, 14.03077, 10.28571], "texture": "#0"},
				"south": {"uv": [0, 0, 0.49231, 0.16327], "texture": "#0"},
				"west": {"uv": [0, 0, 0.49231, 0.16327], "texture": "#0"},
				"up": {"uv": [0, 0, 0.49231, 0.32653], "texture": "#0"},
				"down": {"uv": [12.55385, 14.04082, 13.53846, 14.69388], "texture": "#0"}
			}
		},
		{
			"from": [5, 1, 4],
			"to": [7, 2, 6],
			"rotation": {"angle": 0, "axis": "y", "origin": [6, 1, 5]},
			"faces": {
				"north": {"uv": [4.43077, 4.57143, 5.41538, 4.89796], "texture": "#0"},
				"east": {"uv": [0, 0, 0.49231, 0.16327], "texture": "#0"},
				"south": {"uv": [0, 0, 0.49231, 0.16327], "texture": "#0"},
				"west": {"uv": [10.09231, 4.57143, 10.58462, 4.89796], "texture": "#0"},
				"up": {"uv": [0, 0, 0.49231, 0.32653], "texture": "#0"},
				"down": {"uv": [10.58462, 14.04082, 11.56923, 14.69388], "texture": "#0"}
			}
		},
		{
			"from": [9, 1, 10],
			"to": [11, 2, 12],
			"rotation": {"angle": 0, "axis": "y", "origin": [10, 1, 11]},
			"faces": {
				"north": {"uv": [2.95385, 2.28571, 3.44615, 2.44898], "texture": "#0"},
				"east": {"uv": [10.09231, 9.95918, 10.58462, 10.28571], "texture": "#0"},
				"south": {"uv": [4.43077, 9.95918, 5.41538, 10.28571], "texture": "#0"},
				"west": {"uv": [0, 0, 0.49231, 0.16327], "texture": "#0"},
				"up": {"uv": [0, 0, 0.49231, 0.32653], "texture": "#0"},
				"down": {"uv": [12.55385, 12.08163, 13.53846, 12.73469], "texture": "#0"}
			}
		},
		{
			"from": [5, 1, 10],
			"to": [7, 2, 12],
			"rotation": {"angle": 0, "axis": "y", "origin": [6, 1, 11]},
			"faces": {
				"north": {"uv": [2.95385, 2.28571, 3.44615, 2.44898], "texture": "#0"},
				"east": {"uv": [0, 0, 0.49231, 0.16327], "texture": "#0"},
				"south": {"uv": [2.46154, 9.95918, 3.44615, 10.28571], "texture": "#0"},
				"west": {"uv": [13.53846, 4.57143, 14.03077, 4.89796], "texture": "#0"},
				"up": {"uv": [0, 0, 0.49231, 0.32653], "texture": "#0"},
				"down": {"uv": [10.58462, 12.08163, 11.56923, 12.73469], "texture": "#0"}
			}
		},
		{
			"from": [4, 1, 6],
			"to": [12, 2, 7],
			"rotation": {"angle": 0, "axis": "y", "origin": [4, 1, 6]},
			"faces": {
				"north": {"uv": [2.95385, 2.28571, 4.92308, 2.44898], "texture": "#0"},
				"east": {"uv": [12.55385, 9.95918, 13.04615, 10.28571], "texture": "#0"},
				"south": {"uv": [0, 0, 1.96923, 0.16327], "texture": "#0"},
				"west": {"uv": [11.07692, 4.57143, 11.56923, 4.89796], "texture": "#0"},
				"up": {"uv": [0, 0, 1.96923, 0.16327], "texture": "#0"},
				"down": {"uv": [10.09231, 13.71429, 14.03077, 14.04082], "texture": "#0"}
			}
		},
		{
			"from": [4, 1, 9],
			"to": [12, 2, 10],
			"rotation": {"angle": 0, "axis": "y", "origin": [4, 1, 9]},
			"faces": {
				"north": {"uv": [2.95385, 2.28571, 4.92308, 2.44898], "texture": "#0"},
				"east": {"uv": [11.07692, 9.95918, 11.56923, 10.28571], "texture": "#0"},
				"south": {"uv": [0, 0, 1.96923, 0.16327], "texture": "#0"},
				"west": {"uv": [12.55385, 4.57143, 13.04615, 4.89796], "texture": "#0"},
				"up": {"uv": [0, 0, 1.96923, 0.16327], "texture": "#0"},
				"down": {"uv": [10.09231, 12.73469, 14.03077, 13.06122], "texture": "#0"}
			}
		},
		{
			"from": [4, 1, 5],
			"to": [5, 2, 6],
			"rotation": {"angle": 0, "axis": "y", "origin": [4, 1, 5]},
			"faces": {
				"north": {"uv": [5.41538, 4.57143, 5.90769, 4.89796], "texture": "#0"},
				"east": {"uv": [0, 0, 0.24615, 0.16327], "texture": "#0"},
				"south": {"uv": [0, 0, 0.24615, 0.16327], "texture": "#0"},
				"west": {"uv": [10.58462, 4.57143, 11.07692, 4.89796], "texture": "#0"},
				"up": {"uv": [0, 0, 0.24615, 0.16327], "texture": "#0"},
				"down": {"uv": [10.09231, 14.04082, 10.58462, 14.36735], "texture": "#0"}
			}
		},
		{
			"from": [11, 1, 5],
			"to": [12, 2, 6],
			"rotation": {"angle": 0, "axis": "y", "origin": [11, 1, 5]},
			"faces": {
				"north": {"uv": [1.96923, 4.57143, 2.46154, 4.89796], "texture": "#0"},
				"east": {"uv": [13.04615, 9.95918, 13.53846, 10.28571], "texture": "#0"},
				"south": {"uv": [0, 0, 0.24615, 0.16327], "texture": "#0"},
				"west": {"uv": [0, 0, 0.24615, 0.16327], "texture": "#0"},
				"up": {"uv": [0, 0, 0.24615, 0.16327], "texture": "#0"},
				"down": {"uv": [13.53846, 14.04082, 14.03077, 14.36735], "texture": "#0"}
			}
		},
		{
			"from": [11, 1, 10],
			"to": [12, 2, 11],
			"rotation": {"angle": 0, "axis": "y", "origin": [11, 1, 10]},
			"faces": {
				"north": {"uv": [2.95385, 2.28571, 3.2, 2.44898], "texture": "#0"},
				"east": {"uv": [10.58462, 9.95918, 11.07692, 10.28571], "texture": "#0"},
				"south": {"uv": [5.41538, 9.95918, 5.90769, 10.28571], "texture": "#0"},
				"west": {"uv": [0, 0, 0.24615, 0.16327], "texture": "#0"},
				"up": {"uv": [0, 0, 0.24615, 0.16327], "texture": "#0"},
				"down": {"uv": [13.53846, 12.40816, 14.03077, 12.73469], "texture": "#0"}
			}
		},
		{
			"from": [4, 1, 10],
			"to": [5, 2, 11],
			"rotation": {"angle": 0, "axis": "y", "origin": [4, 1, 10]},
			"faces": {
				"north": {"uv": [2.95385, 2.28571, 3.2, 2.44898], "texture": "#0"},
				"east": {"uv": [0, 0, 0.24615, 0.16327], "texture": "#0"},
				"south": {"uv": [1.96923, 9.95918, 2.46154, 10.28571], "texture": "#0"},
				"west": {"uv": [13.04615, 4.57143, 13.53846, 4.89796], "texture": "#0"},
				"up": {"uv": [0, 0, 0.24615, 0.16327], "texture": "#0"},
				"down": {"uv": [10.09231, 12.40816, 10.58462, 12.73469], "texture": "#0"}
			}
		},
		{
			"from": [2, 2, 6],
			"to": [3, 3, 10],
			"rotation": {"angle": 0, "axis": "y", "origin": [2, 2, 7]},
			"faces": {
				"north": {"uv": [6.4, 4.2449, 6.89231, 4.57143], "texture": "#0"},
				"east": {"uv": [0, 0, 0.98462, 0.16327], "texture": "#0"},
				"south": {"uv": [0.98462, 9.63265, 1.47692, 9.95918], "texture": "#0"},
				"west": {"uv": [11.07692, 4.2449, 13.04615, 4.57143], "texture": "#0"},
				"up": {"uv": [0, 0, 0.24615, 0.65306], "texture": "#0"},
				"down": {"uv": [9.10769, 12.73469, 9.6, 14.04082], "texture": "#0"}
			}
		},
		{
			"from": [6, 13, 2],
			"to": [10, 14, 14],
			"rotation": {"angle": 0, "axis": "y", "origin": [7, 13, 5]},
			"faces": {
				"north": {"uv": [2.95385, 0.65306, 4.92308, 0.97959], "texture": "#0"},
				"east": {"uv": [9.10769, 6.04082, 15.01538, 6.36735], "texture": "#0"},
				"south": {"uv": [2.95385, 6.04082, 4.92308, 6.36735], "texture": "#0"},
				"west": {"uv": [9.10769, 0.65306, 15.01538, 0.97959], "texture": "#0"},
				"up": {"uv": [2.95385, 11.42857, 4.92308, 15.34694], "texture": "#0"},
				"down": {"uv": [0, 0, 0.98462, 1.95918], "texture": "#0"}
			}
		},
		{
			"from": [10, 13, 3],
			"to": [12, 14, 13],
			"rotation": {"angle": 0, "axis": "y", "origin": [10, 13, 5]},
			"faces": {
				"north": {"uv": [1.96923, 0.65306, 2.95385, 0.97959], "texture": "#0"},
				"east": {"uv": [9.6, 6.04082, 14.52308, 6.36735], "texture": "#0"},
				"south": {"uv": [4.92308, 6.04082, 5.90769, 6.36735], "texture": "#0"},
				"west": {"uv": [0, 0, 2.46154, 0.16327], "texture": "#0"},
				"up": {"uv": [4.92308, 11.7551, 5.90769, 15.02041], "texture": "#0"},
				"down": {"uv": [0, 0, 0.49231, 1.63265], "texture": "#0"}
			}
		},
		{
			"from": [4, 13, 3],
			"to": [6, 14, 13],
			"rotation": {"angle": 0, "axis": "y", "origin": [4, 13, 5]},
			"faces": {
				"north": {"uv": [4.92308, 0.65306, 5.90769, 0.97959], "texture": "#0"},
				"east": {"uv": [0, 0, 2.46154, 0.16327], "texture": "#0"},
				"south": {"uv": [1.96923, 6.04082, 2.95385, 6.36735], "texture": "#0"},
				"west": {"uv": [9.6, 0.65306, 14.52308, 0.97959], "texture": "#0"},
				"up": {"uv": [1.96923, 11.7551, 2.95385, 15.02041], "texture": "#0"},
				"down": {"uv": [0, 0, 0.49231, 1.63265], "texture": "#0"}
			}
		},
		{
			"from": [12, 13, 4],
			"to": [13, 14, 12],
			"rotation": {"angle": 0, "axis": "y", "origin": [12, 13, 6]},
			"faces": {
				"north": {"uv": [1.47692, 0.65306, 1.96923, 0.97959], "texture": "#0"},
				"east": {"uv": [10.09231, 6.04082, 14.03077, 6.36735], "texture": "#0"},
				"south": {"uv": [5.90769, 6.04082, 6.4, 6.36735], "texture": "#0"},
				"west": {"uv": [0, 0, 1.96923, 0.16327], "texture": "#0"},
				"up": {"uv": [5.90769, 12.08163, 6.4, 14.69388], "texture": "#0"},
				"down": {"uv": [0, 0, 0.24615, 1.30612], "texture": "#0"}
			}
		},
		{
			"from": [3, 13, 4],
			"to": [4, 14, 12],
			"rotation": {"angle": 0, "axis": "y", "origin": [3, 13, 6]},
			"faces": {
				"north": {"uv": [5.90769, 0.65306, 6.4, 0.97959], "texture": "#0"},
				"east": {"uv": [0, 0, 1.96923, 0.16327], "texture": "#0"},
				"south": {"uv": [1.47692, 6.04082, 1.96923, 6.36735], "texture": "#0"},
				"west": {"uv": [10.09231, 0.65306, 14.03077, 0.97959], "texture": "#0"},
				"up": {"uv": [1.47692, 12.08163, 1.96923, 14.69388], "texture": "#0"},
				"down": {"uv": [0, 0, 0.24615, 1.30612], "texture": "#0"}
			}
		},
		{
			"from": [13, 13, 6],
			"to": [14, 14, 10],
			"rotation": {"angle": 0, "axis": "y", "origin": [13, 13, 7]},
			"faces": {
				"north": {"uv": [0.98462, 0.65306, 1.47692, 0.97959], "texture": "#0"},
				"east": {"uv": [11.07692, 6.04082, 13.04615, 6.36735], "texture": "#0"},
				"south": {"uv": [6.4, 6.04082, 6.89231, 6.36735], "texture": "#0"},
				"west": {"uv": [0, 0, 0.98462, 0.16327], "texture": "#0"},
				"up": {"uv": [6.4, 12.73469, 6.89231, 14.04082], "texture": "#0"},
				"down": {"uv": [0, 0, 0.24615, 0.65306], "texture": "#0"}
			}
		},
		{
			"from": [2, 13, 6],
			"to": [3, 14, 10],
			"rotation": {"angle": 0, "axis": "y", "origin": [2, 13, 7]},
			"faces": {
				"north": {"uv": [6.4, 0.65306, 6.89231, 0.97959], "texture": "#0"},
				"east": {"uv": [0, 0, 0.98462, 0.16327], "texture": "#0"},
				"south": {"uv": [0.98462, 6.04082, 1.47692, 6.36735], "texture": "#0"},
				"west": {"uv": [11.07692, 0.65306, 13.04615, 0.97959], "texture": "#0"},
				"up": {"uv": [0.98462, 12.73469, 1.47692, 14.04082], "texture": "#0"},
				"down": {"uv": [0, 0, 0.24615, 0.65306], "texture": "#0"}
			}
		},
		{
			"from": [13, 2, 6],
			"to": [14, 3, 10],
			"rotation": {"angle": 0, "axis": "y", "origin": [13, 2, 7]},
			"faces": {
				"north": {"uv": [0.98462, 4.2449, 1.47692, 4.57143], "texture": "#0"},
				"east": {"uv": [11.07692, 9.63265, 13.04615, 9.95918], "texture": "#0"},
				"south": {"uv": [6.4, 9.63265, 6.89231, 9.95918], "texture": "#0"},
				"west": {"uv": [0, 0, 0.98462, 0.16327], "texture": "#0"},
				"up": {"uv": [0, 0, 0.24615, 0.65306], "texture": "#0"},
				"down": {"uv": [14.52308, 12.73469, 15.01538, 14.04082], "texture": "#0"}
			}
		},
		{
			"from": [15, 6, 6],
			"to": [16, 7, 10],
			"rotation": {"angle": 0, "axis": "y", "origin": [15, 6, 7]},
			"faces": {
				"north": {"uv": [0, 2.93878, 0.49231, 3.26531], "texture": "#0"},
				"east": {"uv": [11.07692, 8.32653, 13.04615, 8.65306], "texture": "#0"},
				"south": {"uv": [7.38462, 8.32653, 7.87692, 8.65306], "texture": "#0"},
				"west": {"uv": [0, 0, 0.98462, 0.16327], "texture": "#0"},
				"up": {"uv": [0, 0, 0.24615, 0.65306], "texture": "#0"},
				"down": {"uv": [15.50769, 12.73469, 16, 14.04082], "texture": "#0"}
			}
		},
		{
			"from": [6, 9, 0],
			"to": [10, 10, 16],
			"rotation": {"angle": 0, "axis": "y", "origin": [6, 9, 7]},
			"faces": {
				"north": {"uv": [2.95385, 1.95918, 4.92308, 2.28571], "texture": "#0"},
				"east": {"uv": [8.12308, 7.34694, 16, 7.67347], "texture": "#0"},
				"south": {"uv": [2.95385, 7.34694, 4.92308, 7.67347], "texture": "#0"},
				"west": {"uv": [8.12308, 1.95918, 16, 2.28571], "texture": "#0"},
				"up": {"uv": [2.95385, 10.77551, 4.92308, 16], "texture": "#0"},
				"down": {"uv": [0, 0, 0.98462, 2.61224], "texture": "#0"}
			}
		},
		{
			"from": [4, 9, 1],
			"to": [6, 10, 15],
			"rotation": {"angle": 0, "axis": "y", "origin": [4, 9, 7]},
			"faces": {
				"north": {"uv": [4.92308, 1.95918, 5.90769, 2.28571], "texture": "#0"},
				"east": {"uv": [0, 0, 3.44615, 0.16327], "texture": "#0"},
				"south": {"uv": [1.96923, 7.34694, 2.95385, 7.67347], "texture": "#0"},
				"west": {"uv": [8.61538, 1.95918, 15.50769, 2.28571], "texture": "#0"},
				"up": {"uv": [0, 0, 0.49231, 2.28571], "texture": "#0"},
				"down": {"uv": [0, 0, 0.49231, 2.28571], "texture": "#0"}
			}
		},
		{
			"from": [10, 9, 1],
			"to": [12, 10, 15],
			"rotation": {"angle": 0, "axis": "y", "origin": [10, 9, 7]},
			"faces": {
				"north": {"uv": [1.96923, 1.95918, 2.95385, 2.28571], "texture": "#0"},
				"east": {"uv": [8.61538, 7.34694, 16, 7.67347], "texture": "#0"},
				"south": {"uv": [4.92308, 7.34694, 5.90769, 7.67347], "texture": "#0"},
				"west": {"uv": [0, 0, 3.44615, 0.16327], "texture": "#0"},
				"up": {"uv": [0, 0, 0.49231, 2.28571], "texture": "#0"},
				"down": {"uv": [0, 0, 0.49231, 2.28571], "texture": "#0"}
			}
		},
		{
			"from": [12, 9, 2],
			"to": [14, 10, 14],
			"rotation": {"angle": 0, "axis": "y", "origin": [12, 9, 7]},
			"faces": {
				"north": {"uv": [0.98462, 1.95918, 1.96923, 2.28571], "texture": "#0"},
				"east": {"uv": [9.10769, 7.34694, 15.01538, 7.67347], "texture": "#0"},
				"south": {"uv": [5.90769, 7.34694, 6.89231, 7.67347], "texture": "#0"},
				"west": {"uv": [0, 0, 2.95385, 0.16327], "texture": "#0"},
				"up": {"uv": [5.90769, 11.42857, 6.89231, 15.34694], "texture": "#0"},
				"down": {"uv": [0, 0, 0.49231, 1.95918], "texture": "#0"}
			}
		},
		{
			"from": [2, 9, 2],
			"to": [4, 10, 14],
			"rotation": {"angle": 0, "axis": "y", "origin": [2, 9, 7]},
			"faces": {
				"north": {"uv": [5.90769, 1.95918, 6.89231, 2.28571], "texture": "#0"},
				"east": {"uv": [0, 0, 2.95385, 0.16327], "texture": "#0"},
				"south": {"uv": [0.98462, 7.34694, 1.96923, 7.67347], "texture": "#0"},
				"west": {"uv": [9.10769, 1.95918, 15.01538, 2.28571], "texture": "#0"},
				"up": {"uv": [0.98462, 11.42857, 1.47692, 15.34694], "texture": "#0"},
				"down": {"uv": [0, 0, 0.49231, 1.95918], "texture": "#0"}
			}
		},
		{
			"from": [14, 9, 4],
			"to": [15, 10, 12],
			"rotation": {"angle": 0, "axis": "y", "origin": [14, 9, 7]},
			"faces": {
				"north": {"uv": [0.49231, 1.95918, 0.98462, 2.28571], "texture": "#0"},
				"east": {"uv": [10.09231, 7.34694, 14.03077, 7.67347], "texture": "#0"},
				"south": {"uv": [6.4, 7.34694, 6.89231, 7.67347], "texture": "#0"},
				"west": {"uv": [0, 0, 1.96923, 0.16327], "texture": "#0"},
				"up": {"uv": [0, 0, 0.24615, 1.30612], "texture": "#0"},
				"down": {"uv": [0, 0, 0.24615, 1.30612], "texture": "#0"}
			}
		},
		{
			"from": [1, 9, 4],
			"to": [2, 10, 12],
			"rotation": {"angle": 0, "axis": "y", "origin": [1, 9, 7]},
			"faces": {
				"north": {"uv": [6.89231, 1.95918, 7.38462, 2.28571], "texture": "#0"},
				"east": {"uv": [0, 0, 1.96923, 0.16327], "texture": "#0"},
				"south": {"uv": [0.49231, 7.34694, 0.98462, 7.67347], "texture": "#0"},
				"west": {"uv": [10.09231, 1.95918, 14.03077, 2.28571], "texture": "#0"},
				"up": {"uv": [0, 0, 0.24615, 1.30612], "texture": "#0"},
				"down": {"uv": [0, 0, 0.24615, 1.30612], "texture": "#0"}
			}
		},
		{
			"from": [0, 9, 6],
			"to": [1, 10, 10],
			"rotation": {"angle": 0, "axis": "y", "origin": [0, 9, 7]},
			"faces": {
				"north": {"uv": [7.38462, 1.95918, 7.87692, 2.28571], "texture": "#0"},
				"east": {"uv": [0, 0, 0.98462, 0.16327], "texture": "#0"},
				"south": {"uv": [0, 7.34694, 0.49231, 7.67347], "texture": "#0"},
				"west": {"uv": [11.07692, 1.95918, 13.04615, 2.28571], "texture": "#0"},
				"up": {"uv": [0, 12.73469, 0.49231, 14.04082], "texture": "#0"},
				"down": {"uv": [0, 0, 0.24615, 0.65306], "texture": "#0"}
			}
		},
		{
			"from": [15, 9, 6],
			"to": [16, 10, 10],
			"rotation": {"angle": 0, "axis": "y", "origin": [15, 9, 7]},
			"faces": {
				"north": {"uv": [0, 1.95918, 0.49231, 2.28571], "texture": "#0"},
				"east": {"uv": [11.07692, 7.34694, 13.04615, 7.67347], "texture": "#0"},
				"south": {"uv": [6.89231, 7.34694, 7.38462, 7.67347], "texture": "#0"},
				"west": {"uv": [0, 0, 0.98462, 0.16327], "texture": "#0"},
				"up": {"uv": [7.38462, 12.73469, 7.87692, 14.04082], "texture": "#0"},
				"down": {"uv": [0, 0, 0.24615, 0.65306], "texture": "#0"}
			}
		},
		{
			"from": [0, 6, 6],
			"to": [1, 7, 10],
			"rotation": {"angle": 0, "axis": "y", "origin": [0, 6, 7]},
			"faces": {
				"north": {"uv": [7.38462, 2.93878, 7.87692, 3.26531], "texture": "#0"},
				"east": {"uv": [0, 0, 0.98462, 0.16327], "texture": "#0"},
				"south": {"uv": [0, 8.32653, 0.49231, 8.65306], "texture": "#0"},
				"west": {"uv": [11.07692, 2.93878, 13.04615, 3.26531], "texture": "#0"},
				"up": {"uv": [0, 0, 0.24615, 0.65306], "texture": "#0"},
				"down": {"uv": [8.12308, 12.73469, 8.61538, 14.04082], "texture": "#0"}
			}
		},
		{
			"from": [0, 7, 5],
			"to": [1, 8, 11],
			"rotation": {"angle": 0, "axis": "y", "origin": [0, 7, 7]},
			"faces": {
				"north": {"uv": [7.38462, 2.61224, 7.87692, 2.93878], "texture": "#0"},
				"east": {"uv": [0, 0, 1.47692, 0.16327], "texture": "#0"},
				"south": {"uv": [0, 8, 0.49231, 8.32653], "texture": "#0"},
				"west": {"uv": [10.58462, 2.61224, 13.53846, 2.93878], "texture": "#0"},
				"up": {"uv": [0, 0, 0.24615, 0.97959], "texture": "#0"},
				"down": {"uv": [8.12308, 12.40816, 8.61538, 14.36735], "texture": "#0"}
			}
		},
		{
			"from": [5, 8, 0],
			"to": [11, 9, 16],
			"rotation": {"angle": 0, "axis": "y", "origin": [6, 8, 7]},
			"faces": {
				"north": {"uv": [2.46154, 2.28571, 5.41538, 2.61224], "texture": "#0"},
				"east": {"uv": [8.12308, 7.67347, 16, 8], "texture": "#0"},
				"south": {"uv": [2.46154, 7.67347, 5.41538, 8], "texture": "#0"},
				"west": {"uv": [8.12308, 2.28571, 16, 2.61224], "texture": "#0"},
				"up": {"uv": [2.46154, 10.77551, 5.41538, 16], "texture": "#0"},
				"down": {"uv": [0, 0, 1.47692, 2.61224], "texture": "#0"}
			}
		},
		{
			"from": [3, 8, 1],
			"to": [5, 9, 15],
			"rotation": {"angle": 0, "axis": "y", "origin": [4, 8, 7]},
			"faces": {
				"north": {"uv": [5.41538, 2.28571, 6.4, 2.61224], "texture": "#0"},
				"east": {"uv": [0, 0, 3.44615, 0.16327], "texture": "#0"},
				"south": {"uv": [1.47692, 7.67347, 2.46154, 8], "texture": "#0"},
				"west": {"uv": [8.61538, 2.28571, 15.50769, 2.61224], "texture": "#0"},
				"up": {"uv": [1.47692, 11.10204, 1.96923, 15.67347], "texture": "#0"},
				"down": {"uv": [0, 0, 0.49231, 2.28571], "texture": "#0"}
			}
		},
		{
			"from": [11, 8, 1],
			"to": [13, 9, 15],
			"rotation": {"angle": 0, "axis": "y", "origin": [12, 8, 7]},
			"faces": {
				"north": {"uv": [1.47692, 2.28571, 2.46154, 2.61224], "texture": "#0"},
				"east": {"uv": [8.61538, 7.67347, 15.50769, 8], "texture": "#0"},
				"south": {"uv": [5.41538, 7.67347, 6.4, 8], "texture": "#0"},
				"west": {"uv": [0, 0, 3.44615, 0.16327], "texture": "#0"},
				"up": {"uv": [5.90769, 11.10204, 6.4, 15.67347], "texture": "#0"},
				"down": {"uv": [0, 0, 0.49231, 2.28571], "texture": "#0"}
			}
		},
		{
			"from": [13, 8, 2],
			"to": [14, 9, 14],
			"rotation": {"angle": 0, "axis": "y", "origin": [13, 8, 7]},
			"faces": {
				"north": {"uv": [0.98462, 2.28571, 1.47692, 2.61224], "texture": "#0"},
				"east": {"uv": [9.10769, 7.67347, 15.01538, 8], "texture": "#0"},
				"south": {"uv": [6.4, 7.67347, 6.89231, 8], "texture": "#0"},
				"west": {"uv": [0, 0, 2.95385, 0.16327], "texture": "#0"},
				"up": {"uv": [0, 0, 0.24615, 1.95918], "texture": "#0"},
				"down": {"uv": [0, 0, 0.24615, 1.95918], "texture": "#0"}
			}
		},
		{
			"from": [2, 8, 2],
			"to": [3, 9, 14],
			"rotation": {"angle": 0, "axis": "y", "origin": [2, 8, 7]},
			"faces": {
				"north": {"uv": [6.4, 2.28571, 6.89231, 2.61224], "texture": "#0"},
				"east": {"uv": [0, 0, 2.95385, 0.16327], "texture": "#0"},
				"south": {"uv": [0.98462, 7.67347, 1.47692, 8], "texture": "#0"},
				"west": {"uv": [9.10769, 2.28571, 15.01538, 2.61224], "texture": "#0"},
				"up": {"uv": [0, 0, 0.24615, 1.95918], "texture": "#0"},
				"down": {"uv": [0, 0, 0.24615, 1.95918], "texture": "#0"}
			}
		},
		{
			"from": [1, 8, 3],
			"to": [2, 9, 13],
			"rotation": {"angle": 0, "axis": "y", "origin": [1, 8, 7]},
			"faces": {
				"north": {"uv": [6.89231, 2.28571, 7.38462, 2.61224], "texture": "#0"},
				"east": {"uv": [0, 0, 2.46154, 0.16327], "texture": "#0"},
				"south": {"uv": [0.49231, 7.67347, 0.98462, 8], "texture": "#0"},
				"west": {"uv": [9.6, 2.28571, 14.52308, 2.61224], "texture": "#0"},
				"up": {"uv": [0.49231, 11.7551, 0.98462, 15.02041], "texture": "#0"},
				"down": {"uv": [0, 0, 0.24615, 1.63265], "texture": "#0"}
			}
		},
		{
			"from": [14, 8, 3],
			"to": [15, 9, 13],
			"rotation": {"angle": 0, "axis": "y", "origin": [14, 8, 7]},
			"faces": {
				"north": {"uv": [0.49231, 2.28571, 0.98462, 2.61224], "texture": "#0"},
				"east": {"uv": [9.6, 7.67347, 14.52308, 8], "texture": "#0"},
				"south": {"uv": [6.89231, 7.67347, 7.38462, 8], "texture": "#0"},
				"west": {"uv": [0, 0, 2.46154, 0.16327], "texture": "#0"},
				"up": {"uv": [6.89231, 11.7551, 7.38462, 15.02041], "texture": "#0"},
				"down": {"uv": [0, 0, 0.24615, 1.63265], "texture": "#0"}
			}
		},
		{
			"from": [15, 8, 5],
			"to": [16, 9, 11],
			"rotation": {"angle": 0, "axis": "y", "origin": [15, 8, 7]},
			"faces": {
				"north": {"uv": [0, 2.28571, 0.49231, 2.61224], "texture": "#0"},
				"east": {"uv": [10.58462, 7.67347, 13.53846, 8], "texture": "#0"},
				"south": {"uv": [7.38462, 7.67347, 7.87692, 8], "texture": "#0"},
				"west": {"uv": [0, 0, 1.47692, 0.16327], "texture": "#0"},
				"up": {"uv": [7.38462, 12.40816, 7.87692, 14.36735], "texture": "#0"},
				"down": {"uv": [0, 0, 0.24615, 0.97959], "texture": "#0"}
			}
		},
		{
			"from": [0, 8, 5],
			"to": [1, 9, 11],
			"rotation": {"angle": 0, "axis": "y", "origin": [0, 8, 7]},
			"faces": {
				"north": {"uv": [7.38462, 2.28571, 7.87692, 2.61224], "texture": "#0"},
				"east": {"uv": [0, 0, 1.47692, 0.16327], "texture": "#0"},
				"south": {"uv": [0, 7.67347, 0.49231, 8], "texture": "#0"},
				"west": {"uv": [10.58462, 2.28571, 13.53846, 2.61224], "texture": "#0"},
				"up": {"uv": [0, 12.40816, 0.49231, 14.36735], "texture": "#0"},
				"down": {"uv": [0, 0, 0.24615, 0.97959], "texture": "#0"}
			}
		},
		{
			"from": [15, 7, 5],
			"to": [16, 8, 11],
			"rotation": {"angle": 0, "axis": "y", "origin": [15, 7, 7]},
			"faces": {
				"north": {"uv": [0, 2.61224, 0.49231, 2.93878], "texture": "#0"},
				"east": {"uv": [10.58462, 8, 13.53846, 8.32653], "texture": "#0"},
				"south": {"uv": [7.38462, 8, 7.87692, 8.32653], "texture": "#0"},
				"west": {"uv": [0, 0, 1.47692, 0.16327], "texture": "#0"},
				"up": {"uv": [0, 0, 0.24615, 0.97959], "texture": "#0"},
				"down": {"uv": [15.50769, 12.40816, 16, 14.36735], "texture": "#0"}
			}
		},
		{
			"from": [14, 7, 3],
			"to": [15, 8, 13],
			"rotation": {"angle": 0, "axis": "y", "origin": [14, 7, 7]},
			"faces": {
				"north": {"uv": [0.49231, 2.61224, 0.98462, 2.93878], "texture": "#0"},
				"east": {"uv": [9.6, 8, 14.52308, 8.32653], "texture": "#0"},
				"south": {"uv": [6.89231, 8, 7.38462, 8.32653], "texture": "#0"},
				"west": {"uv": [0, 0, 2.46154, 0.16327], "texture": "#0"},
				"up": {"uv": [0, 0, 0.24615, 1.63265], "texture": "#0"},
				"down": {"uv": [15.01538, 11.7551, 15.50769, 15.02041], "texture": "#0"}
			}
		},
		{
			"from": [1, 7, 3],
			"to": [2, 8, 13],
			"rotation": {"angle": 0, "axis": "y", "origin": [1, 7, 7]},
			"faces": {
				"north": {"uv": [6.89231, 2.61224, 7.38462, 2.93878], "texture": "#0"},
				"east": {"uv": [0, 0, 2.46154, 0.16327], "texture": "#0"},
				"south": {"uv": [0.49231, 8, 0.98462, 8.32653], "texture": "#0"},
				"west": {"uv": [9.6, 2.61224, 14.52308, 2.93878], "texture": "#0"},
				"up": {"uv": [0, 0, 0.24615, 1.63265], "texture": "#0"},
				"down": {"uv": [8.61538, 11.7551, 9.10769, 15.02041], "texture": "#0"}
			}
		},
		{
			"from": [2, 7, 2],
			"to": [3, 8, 14],
			"rotation": {"angle": 0, "axis": "y", "origin": [2, 7, 7]},
			"faces": {
				"north": {"uv": [6.4, 2.61224, 6.89231, 2.93878], "texture": "#0"},
				"east": {"uv": [0, 0, 2.95385, 0.16327], "texture": "#0"},
				"south": {"uv": [0.98462, 8, 1.47692, 8.32653], "texture": "#0"},
				"west": {"uv": [9.10769, 2.61224, 15.01538, 2.93878], "texture": "#0"},
				"up": {"uv": [0, 0, 0.24615, 1.95918], "texture": "#0"},
				"down": {"uv": [0, 0, 0.24615, 1.95918], "texture": "#0"}
			}
		},
		{
			"from": [13, 7, 2],
			"to": [14, 8, 14],
			"rotation": {"angle": 0, "axis": "y", "origin": [13, 7, 7]},
			"faces": {
				"north": {"uv": [0.98462, 2.61224, 1.47692, 2.93878], "texture": "#0"},
				"east": {"uv": [9.10769, 8, 15.01538, 8.32653], "texture": "#0"},
				"south": {"uv": [6.4, 8, 6.89231, 8.32653], "texture": "#0"},
				"west": {"uv": [0, 0, 2.95385, 0.16327], "texture": "#0"},
				"up": {"uv": [0, 0, 0.24615, 1.95918], "texture": "#0"},
				"down": {"uv": [0, 0, 0.24615, 1.95918], "texture": "#0"}
			}
		},
		{
			"from": [11, 7, 1],
			"to": [13, 8, 15],
			"rotation": {"angle": 0, "axis": "y", "origin": [12, 7, 7]},
			"faces": {
				"north": {"uv": [1.47692, 2.61224, 2.46154, 2.93878], "texture": "#0"},
				"east": {"uv": [8.61538, 8, 15.50769, 8.32653], "texture": "#0"},
				"south": {"uv": [5.41538, 8, 6.4, 8.32653], "texture": "#0"},
				"west": {"uv": [0, 0, 3.44615, 0.16327], "texture": "#0"},
				"up": {"uv": [0, 0, 0.49231, 2.28571], "texture": "#0"},
				"down": {"uv": [13.53846, 11.10204, 14.52308, 15.67347], "texture": "#0"}
			}
		},
		{
			"from": [3, 7, 1],
			"to": [5, 8, 15],
			"rotation": {"angle": 0, "axis": "y", "origin": [4, 7, 7]},
			"faces": {
				"north": {"uv": [5.41538, 2.61224, 6.4, 2.93878], "texture": "#0"},
				"east": {"uv": [0, 0, 3.44615, 0.16327], "texture": "#0"},
				"south": {"uv": [1.47692, 8, 2.46154, 8.32653], "texture": "#0"},
				"west": {"uv": [8.61538, 2.61224, 15.50769, 2.93878], "texture": "#0"},
				"up": {"uv": [0, 0, 0.49231, 2.28571], "texture": "#0"},
				"down": {"uv": [9.6, 11.10204, 10.09231, 15.67347], "texture": "#0"}
			}
		},
		{
			"from": [5, 7, 0],
			"to": [11, 8, 16],
			"rotation": {"angle": 0, "axis": "y", "origin": [6, 7, 7]},
			"faces": {
				"north": {"uv": [2.46154, 2.61224, 5.41538, 2.93878], "texture": "#0"},
				"east": {"uv": [8.12308, 8, 16, 8.32653], "texture": "#0"},
				"south": {"uv": [2.46154, 8, 5.41538, 8.32653], "texture": "#0"},
				"west": {"uv": [8.12308, 2.61224, 16, 2.93878], "texture": "#0"},
				"up": {"uv": [0, 0, 1.47692, 2.61224], "texture": "#0"},
				"down": {"uv": [10.58462, 10.77551, 13.53846, 16], "texture": "#0"}
			}
		},
		{
			"from": [1, 6, 4],
			"to": [2, 7, 12],
			"rotation": {"angle": 0, "axis": "y", "origin": [1, 6, 7]},
			"faces": {
				"north": {"uv": [6.89231, 2.93878, 7.38462, 3.26531], "texture": "#0"},
				"east": {"uv": [0, 0, 1.96923, 0.16327], "texture": "#0"},
				"south": {"uv": [0.49231, 8.32653, 0.98462, 8.65306], "texture": "#0"},
				"west": {"uv": [10.09231, 2.93878, 14.03077, 3.26531], "texture": "#0"},
				"up": {"uv": [0, 0, 0.24615, 1.30612], "texture": "#0"},
				"down": {"uv": [0, 0, 0.24615, 1.30612], "texture": "#0"}
			}
		},
		{
			"from": [14, 6, 4],
			"to": [15, 7, 12],
			"rotation": {"angle": 0, "axis": "y", "origin": [14, 6, 7]},
			"faces": {
				"north": {"uv": [0.49231, 2.93878, 0.98462, 3.26531], "texture": "#0"},
				"east": {"uv": [10.09231, 8.32653, 14.03077, 8.65306], "texture": "#0"},
				"south": {"uv": [6.89231, 8.32653, 7.38462, 8.65306], "texture": "#0"},
				"west": {"uv": [0, 0, 1.96923, 0.16327], "texture": "#0"},
				"up": {"uv": [0, 0, 0.24615, 1.30612], "texture": "#0"},
				"down": {"uv": [0, 0, 0.24615, 1.30612], "texture": "#0"}
			}
		},
		{
			"from": [2, 6, 2],
			"to": [4, 7, 14],
			"rotation": {"angle": 0, "axis": "y", "origin": [2, 6, 7]},
			"faces": {
				"north": {"uv": [5.90769, 2.93878, 6.89231, 3.26531], "texture": "#0"},
				"east": {"uv": [0, 0, 2.95385, 0.16327], "texture": "#0"},
				"south": {"uv": [0.98462, 8.32653, 1.96923, 8.65306], "texture": "#0"},
				"west": {"uv": [9.10769, 2.93878, 15.01538, 3.26531], "texture": "#0"},
				"up": {"uv": [0, 0, 0.49231, 1.95918], "texture": "#0"},
				"down": {"uv": [9.10769, 11.42857, 9.6, 15.34694], "texture": "#0"}
			}
		},
		{
			"from": [12, 6, 2],
			"to": [14, 7, 14],
			"rotation": {"angle": 0, "axis": "y", "origin": [12, 6, 7]},
			"faces": {
				"north": {"uv": [0.98462, 2.93878, 1.96923, 3.26531], "texture": "#0"},
				"east": {"uv": [9.10769, 8.32653, 15.01538, 8.65306], "texture": "#0"},
				"south": {"uv": [5.90769, 8.32653, 6.89231, 8.65306], "texture": "#0"},
				"west": {"uv": [0, 0, 2.95385, 0.16327], "texture": "#0"},
				"up": {"uv": [0, 0, 0.49231, 1.95918], "texture": "#0"},
				"down": {"uv": [14.03077, 11.42857, 15.01538, 15.34694], "texture": "#0"}
			}
		},
		{
			"from": [10, 6, 1],
			"to": [12, 7, 15],
			"rotation": {"angle": 0, "axis": "y", "origin": [10, 6, 7]},
			"faces": {
				"north": {"uv": [1.96923, 2.93878, 2.95385, 3.26531], "texture": "#0"},
				"east": {"uv": [8.61538, 8.32653, 15.50769, 8.65306], "texture": "#0"},
				"south": {"uv": [4.92308, 8.32653, 5.90769, 8.65306], "texture": "#0"},
				"west": {"uv": [0, 0, 3.44615, 0.16327], "texture": "#0"},
				"up": {"uv": [0, 0, 0.49231, 2.28571], "texture": "#0"},
				"down": {"uv": [0, 0, 0.49231, 2.28571], "texture": "#0"}
			}
		},
		{
			"from": [4, 6, 1],
			"to": [6, 7, 15],
			"rotation": {"angle": 0, "axis": "y", "origin": [4, 6, 7]},
			"faces": {
				"north": {"uv": [4.92308, 2.93878, 5.90769, 3.26531], "texture": "#0"},
				"east": {"uv": [0, 0, 3.44615, 0.16327], "texture": "#0"},
				"south": {"uv": [1.96923, 8.32653, 2.95385, 8.65306], "texture": "#0"},
				"west": {"uv": [8.61538, 2.93878, 15.50769, 3.26531], "texture": "#0"},
				"up": {"uv": [0, 0, 0.49231, 2.28571], "texture": "#0"},
				"down": {"uv": [0, 0, 0.49231, 2.28571], "texture": "#0"}
			}
		},
		{
			"from": [6, 6, 0],
			"to": [10, 7, 16],
			"rotation": {"angle": 0, "axis": "y", "origin": [6, 6, 7]},
			"faces": {
				"north": {"uv": [2.95385, 2.93878, 4.92308, 3.26531], "texture": "#0"},
				"east": {"uv": [8.12308, 8.32653, 16, 8.65306], "texture": "#0"},
				"south": {"uv": [2.95385, 8.32653, 4.92308, 8.65306], "texture": "#0"},
				"west": {"uv": [8.12308, 2.93878, 16, 3.26531], "texture": "#0"},
				"up": {"uv": [0, 0, 0.98462, 2.61224], "texture": "#0"},
				"down": {"uv": [11.07692, 10.77551, 13.04615, 16], "texture": "#0"}
			}
		},
		{
			"from": [15, 5, 7],
			"to": [16, 6, 9],
			"rotation": {"angle": 0, "axis": "y", "origin": [15, 5, 7]},
			"faces": {
				"north": {"uv": [0, 3.26531, 0.49231, 3.59184], "texture": "#0"},
				"east": {"uv": [11.56923, 8.65306, 12.55385, 8.97959], "texture": "#0"},
				"south": {"uv": [7.38462, 8.65306, 7.87692, 8.97959], "texture": "#0"},
				"west": {"uv": [0, 0, 0.49231, 0.16327], "texture": "#0"},
				"up": {"uv": [0, 0, 0.24615, 0.32653], "texture": "#0"},
				"down": {"uv": [15.50769, 13.06122, 16, 13.71429], "texture": "#0"}
			}
		},
		{
			"from": [7, 10, 0],
			"to": [9, 11, 16],
			"rotation": {"angle": 0, "axis": "y", "origin": [7, 10, 7]},
			"faces": {
				"north": {"uv": [3.44615, 1.63265, 4.43077, 1.95918], "texture": "#0"},
				"east": {"uv": [8.12308, 7.02041, 16, 7.34694], "texture": "#0"},
				"south": {"uv": [3.44615, 7.02041, 4.43077, 7.34694], "texture": "#0"},
				"west": {"uv": [8.12308, 1.63265, 16, 1.95918], "texture": "#0"},
				"up": {"uv": [3.44615, 10.77551, 4.43077, 16], "texture": "#0"},
				"down": {"uv": [0, 0, 0.49231, 2.61224], "texture": "#0"}
			}
		},
		{
			"from": [9, 10, 1],
			"to": [12, 11, 15],
			"rotation": {"angle": 0, "axis": "y", "origin": [9, 10, 7]},
			"faces": {
				"north": {"uv": [1.96923, 1.63265, 3.44615, 1.95918], "texture": "#0"},
				"east": {"uv": [8.61538, 7.02041, 15.50769, 7.34694], "texture": "#0"},
				"south": {"uv": [4.43077, 7.02041, 5.90769, 7.34694], "texture": "#0"},
				"west": {"uv": [0, 0, 3.44615, 0.16327], "texture": "#0"},
				"up": {"uv": [5.41538, 11.10204, 5.90769, 15.67347], "texture": "#0"},
				"down": {"uv": [0, 0, 0.73846, 2.28571], "texture": "#0"}
			}
		},
		{
			"from": [4, 10, 1],
			"to": [7, 11, 15],
			"rotation": {"angle": 0, "axis": "y", "origin": [4, 10, 7]},
			"faces": {
				"north": {"uv": [4.43077, 1.63265, 5.90769, 1.95918], "texture": "#0"},
				"east": {"uv": [0, 0, 3.44615, 0.16327], "texture": "#0"},
				"south": {"uv": [1.96923, 7.02041, 3.44615, 7.34694], "texture": "#0"},
				"west": {"uv": [8.61538, 1.63265, 15.50769, 1.95918], "texture": "#0"},
				"up": {"uv": [1.96923, 11.10204, 2.46154, 15.67347], "texture": "#0"},
				"down": {"uv": [0, 0, 0.73846, 2.28571], "texture": "#0"}
			}
		},
		{
			"from": [12, 10, 2],
			"to": [13, 11, 14],
			"rotation": {"angle": 0, "axis": "y", "origin": [12, 10, 7]},
			"faces": {
				"north": {"uv": [1.47692, 1.63265, 1.96923, 1.95918], "texture": "#0"},
				"east": {"uv": [9.10769, 7.02041, 15.01538, 7.34694], "texture": "#0"},
				"south": {"uv": [5.90769, 7.02041, 6.4, 7.34694], "texture": "#0"},
				"west": {"uv": [0, 0, 2.95385, 0.16327], "texture": "#0"},
				"up": {"uv": [0, 0, 0.24615, 1.95918], "texture": "#0"},
				"down": {"uv": [0, 0, 0.24615, 1.95918], "texture": "#0"}
			}
		},
		{
			"from": [3, 10, 2],
			"to": [4, 11, 14],
			"rotation": {"angle": 0, "axis": "y", "origin": [3, 10, 7]},
			"faces": {
				"north": {"uv": [5.90769, 1.63265, 6.4, 1.95918], "texture": "#0"},
				"east": {"uv": [0, 0, 2.95385, 0.16327], "texture": "#0"},
				"south": {"uv": [1.47692, 7.02041, 1.96923, 7.34694], "texture": "#0"},
				"west": {"uv": [9.10769, 1.63265, 15.01538, 1.95918], "texture": "#0"},
				"up": {"uv": [0, 0, 0.24615, 1.95918], "texture": "#0"},
				"down": {"uv": [0, 0, 0.24615, 1.95918], "texture": "#0"}
			}
		},
		{
			"from": [2, 10, 3],
			"to": [3, 11, 13],
			"rotation": {"angle": 0, "axis": "y", "origin": [2, 10, 7]},
			"faces": {
				"north": {"uv": [6.4, 1.63265, 6.89231, 1.95918], "texture": "#0"},
				"east": {"uv": [0, 0, 2.46154, 0.16327], "texture": "#0"},
				"south": {"uv": [0.98462, 7.02041, 1.47692, 7.34694], "texture": "#0"},
				"west": {"uv": [9.6, 1.63265, 14.52308, 1.95918], "texture": "#0"},
				"up": {"uv": [0, 0, 0.24615, 1.63265], "texture": "#0"},
				"down": {"uv": [0, 0, 0.24615, 1.63265], "texture": "#0"}
			}
		},
		{
			"from": [13, 10, 3],
			"to": [14, 11, 13],
			"rotation": {"angle": 0, "axis": "y", "origin": [13, 10, 7]},
			"faces": {
				"north": {"uv": [0.98462, 1.63265, 1.47692, 1.95918], "texture": "#0"},
				"east": {"uv": [9.6, 7.02041, 14.52308, 7.34694], "texture": "#0"},
				"south": {"uv": [6.4, 7.02041, 6.89231, 7.34694], "texture": "#0"},
				"west": {"uv": [0, 0, 2.46154, 0.16327], "texture": "#0"},
				"up": {"uv": [0, 0, 0.24615, 1.63265], "texture": "#0"},
				"down": {"uv": [0, 0, 0.24615, 1.63265], "texture": "#0"}
			}
		},
		{
			"from": [14, 10, 4],
			"to": [15, 11, 12],
			"rotation": {"angle": 0, "axis": "y", "origin": [14, 10, 7]},
			"faces": {
				"north": {"uv": [0.49231, 1.63265, 0.98462, 1.95918], "texture": "#0"},
				"east": {"uv": [10.09231, 7.02041, 14.03077, 7.34694], "texture": "#0"},
				"south": {"uv": [6.89231, 7.02041, 7.38462, 7.34694], "texture": "#0"},
				"west": {"uv": [0, 0, 1.96923, 0.16327], "texture": "#0"},
				"up": {"uv": [6.89231, 12.08163, 7.38462, 14.69388], "texture": "#0"},
				"down": {"uv": [0, 0, 0.24615, 1.30612], "texture": "#0"}
			}
		},
		{
			"from": [1, 10, 4],
			"to": [2, 11, 12],
			"rotation": {"angle": 0, "axis": "y", "origin": [1, 10, 7]},
			"faces": {
				"north": {"uv": [6.89231, 1.63265, 7.38462, 1.95918], "texture": "#0"},
				"east": {"uv": [0, 0, 1.96923, 0.16327], "texture": "#0"},
				"south": {"uv": [0.49231, 7.02041, 0.98462, 7.34694], "texture": "#0"},
				"west": {"uv": [10.09231, 1.63265, 14.03077, 1.95918], "texture": "#0"},
				"up": {"uv": [0.49231, 12.08163, 0.98462, 14.69388], "texture": "#0"},
				"down": {"uv": [0, 0, 0.24615, 1.30612], "texture": "#0"}
			}
		},
		{
			"from": [0, 10, 7],
			"to": [1, 11, 9],
			"rotation": {"angle": 0, "axis": "y", "origin": [0, 10, 7]},
			"faces": {
				"north": {"uv": [7.38462, 1.63265, 7.87692, 1.95918], "texture": "#0"},
				"east": {"uv": [0, 0, 0.49231, 0.16327], "texture": "#0"},
				"south": {"uv": [0, 7.02041, 0.49231, 7.34694], "texture": "#0"},
				"west": {"uv": [11.56923, 1.63265, 12.55385, 1.95918], "texture": "#0"},
				"up": {"uv": [0, 13.06122, 0.49231, 13.71429], "texture": "#0"},
				"down": {"uv": [0, 0, 0.24615, 0.32653], "texture": "#0"}
			}
		},
		{
			"from": [15, 10, 7],
			"to": [16, 11, 9],
			"rotation": {"angle": 0, "axis": "y", "origin": [15, 10, 7]},
			"faces": {
				"north": {"uv": [0, 1.63265, 0.49231, 1.95918], "texture": "#0"},
				"east": {"uv": [11.56923, 7.02041, 12.55385, 7.34694], "texture": "#0"},
				"south": {"uv": [7.38462, 7.02041, 7.87692, 7.34694], "texture": "#0"},
				"west": {"uv": [0, 0, 0.49231, 0.16327], "texture": "#0"},
				"up": {"uv": [7.38462, 13.06122, 7.87692, 13.71429], "texture": "#0"},
				"down": {"uv": [0, 0, 0.24615, 0.32653], "texture": "#0"}
			}
		},
		{
			"from": [0, 5, 7],
			"to": [1, 6, 9],
			"rotation": {"angle": 0, "axis": "y", "origin": [0, 5, 7]},
			"faces": {
				"north": {"uv": [7.38462, 3.26531, 7.87692, 3.59184], "texture": "#0"},
				"east": {"uv": [0, 0, 0.49231, 0.16327], "texture": "#0"},
				"south": {"uv": [0, 8.65306, 0.49231, 8.97959], "texture": "#0"},
				"west": {"uv": [11.56923, 3.26531, 12.55385, 3.59184], "texture": "#0"},
				"up": {"uv": [0, 0, 0.24615, 0.32653], "texture": "#0"},
				"down": {"uv": [8.12308, 13.06122, 8.61538, 13.71429], "texture": "#0"}
			}
		},
		{
			"from": [1, 5, 4],
			"to": [2, 6, 12],
			"rotation": {"angle": 0, "axis": "y", "origin": [1, 5, 7]},
			"faces": {
				"north": {"uv": [6.89231, 3.26531, 7.38462, 3.59184], "texture": "#0"},
				"east": {"uv": [0, 0, 1.96923, 0.16327], "texture": "#0"},
				"south": {"uv": [0.49231, 8.65306, 0.98462, 8.97959], "texture": "#0"},
				"west": {"uv": [10.09231, 3.26531, 14.03077, 3.59184], "texture": "#0"},
				"up": {"uv": [0, 0, 0.24615, 1.30612], "texture": "#0"},
				"down": {"uv": [8.61538, 12.08163, 9.10769, 14.69388], "texture": "#0"}
			}
		},
		{
			"from": [14, 5, 4],
			"to": [15, 6, 12],
			"rotation": {"angle": 0, "axis": "y", "origin": [14, 5, 7]},
			"faces": {
				"north": {"uv": [0.49231, 3.26531, 0.98462, 3.59184], "texture": "#0"},
				"east": {"uv": [10.09231, 8.65306, 14.03077, 8.97959], "texture": "#0"},
				"south": {"uv": [6.89231, 8.65306, 7.38462, 8.97959], "texture": "#0"},
				"west": {"uv": [0, 0, 1.96923, 0.16327], "texture": "#0"},
				"up": {"uv": [0, 0, 0.24615, 1.30612], "texture": "#0"},
				"down": {"uv": [15.01538, 12.08163, 15.50769, 14.69388], "texture": "#0"}
			}
		},
		{
			"from": [13, 5, 3],
			"to": [14, 6, 13],
			"rotation": {"angle": 0, "axis": "y", "origin": [13, 5, 7]},
			"faces": {
				"north": {"uv": [0.98462, 3.26531, 1.47692, 3.59184], "texture": "#0"},
				"east": {"uv": [9.6, 8.65306, 14.52308, 8.97959], "texture": "#0"},
				"south": {"uv": [6.4, 8.65306, 6.89231, 8.97959], "texture": "#0"},
				"west": {"uv": [0, 0, 2.46154, 0.16327], "texture": "#0"},
				"up": {"uv": [0, 0, 0.24615, 1.63265], "texture": "#0"},
				"down": {"uv": [0, 0, 0.24615, 1.63265], "texture": "#0"}
			}
		},
		{
			"from": [2, 5, 3],
			"to": [3, 6, 13],
			"rotation": {"angle": 0, "axis": "y", "origin": [2, 5, 7]},
			"faces": {
				"north": {"uv": [6.4, 3.26531, 6.89231, 3.59184], "texture": "#0"},
				"east": {"uv": [0, 0, 2.46154, 0.16327], "texture": "#0"},
				"south": {"uv": [0.98462, 8.65306, 1.47692, 8.97959], "texture": "#0"},
				"west": {"uv": [9.6, 3.26531, 14.52308, 3.59184], "texture": "#0"},
				"up": {"uv": [0, 0, 0.24615, 1.63265], "texture": "#0"},
				"down": {"uv": [0, 0, 0.24615, 1.63265], "texture": "#0"}
			}
		},
		{
			"from": [3, 5, 2],
			"to": [4, 6, 14],
			"rotation": {"angle": 0, "axis": "y", "origin": [3, 5, 7]},
			"faces": {
				"north": {"uv": [5.90769, 3.26531, 6.4, 3.59184], "texture": "#0"},
				"east": {"uv": [0, 0, 2.95385, 0.16327], "texture": "#0"},
				"south": {"uv": [1.47692, 8.65306, 1.96923, 8.97959], "texture": "#0"},
				"west": {"uv": [9.10769, 3.26531, 15.01538, 3.59184], "texture": "#0"},
				"up": {"uv": [0, 0, 0.24615, 1.95918], "texture": "#0"},
				"down": {"uv": [0, 0, 0.24615, 1.95918], "texture": "#0"}
			}
		},
		{
			"from": [4, 5, 1],
			"to": [7, 6, 15],
			"rotation": {"angle": 0, "axis": "y", "origin": [4, 5, 7]},
			"faces": {
				"north": {"uv": [4.43077, 3.26531, 5.90769, 3.59184], "texture": "#0"},
				"east": {"uv": [0, 0, 3.44615, 0.16327], "texture": "#0"},
				"south": {"uv": [1.96923, 8.65306, 3.44615, 8.97959], "texture": "#0"},
				"west": {"uv": [8.61538, 3.26531, 15.50769, 3.59184], "texture": "#0"},
				"up": {"uv": [0, 0, 0.73846, 2.28571], "texture": "#0"},
				"down": {"uv": [10.09231, 11.10204, 10.58462, 15.67347], "texture": "#0"}
			}
		},
		{
			"from": [9, 5, 1],
			"to": [12, 6, 15],
			"rotation": {"angle": 0, "axis": "y", "origin": [9, 5, 7]},
			"faces": {
				"north": {"uv": [1.96923, 3.26531, 3.44615, 3.59184], "texture": "#0"},
				"east": {"uv": [8.61538, 8.65306, 15.50769, 8.97959], "texture": "#0"},
				"south": {"uv": [4.43077, 8.65306, 5.90769, 8.97959], "texture": "#0"},
				"west": {"uv": [0, 0, 3.44615, 0.16327], "texture": "#0"},
				"up": {"uv": [0, 0, 0.73846, 2.28571], "texture": "#0"},
				"down": {"uv": [12.55385, 11.10204, 14.03077, 15.67347], "texture": "#0"}
			}
		},
		{
			"from": [7, 5, 0],
			"to": [9, 6, 16],
			"rotation": {"angle": 0, "axis": "y", "origin": [7, 5, 7]},
			"faces": {
				"north": {"uv": [3.44615, 3.26531, 4.43077, 3.59184], "texture": "#0"},
				"east": {"uv": [8.12308, 8.65306, 16, 8.97959], "texture": "#0"},
				"south": {"uv": [3.44615, 8.65306, 4.43077, 8.97959], "texture": "#0"},
				"west": {"uv": [8.12308, 3.26531, 16, 3.59184], "texture": "#0"},
				"up": {"uv": [0, 0, 0.49231, 2.61224], "texture": "#0"},
				"down": {"uv": [11.56923, 10.77551, 12.55385, 16], "texture": "#0"}
			}
		},
		{
			"from": [12, 5, 2],
			"to": [13, 6, 14],
			"rotation": {"angle": 0, "axis": "y", "origin": [12, 5, 7]},
			"faces": {
				"north": {"uv": [1.47692, 3.26531, 1.96923, 3.59184], "texture": "#0"},
				"east": {"uv": [9.10769, 8.65306, 15.01538, 8.97959], "texture": "#0"},
				"south": {"uv": [5.90769, 8.65306, 6.4, 8.97959], "texture": "#0"},
				"west": {"uv": [0, 0, 2.95385, 0.16327], "texture": "#0"},
				"up": {"uv": [0, 0, 0.24615, 1.95918], "texture": "#0"},
				"down": {"uv": [0, 0, 0.24615, 1.95918], "texture": "#0"}
			}
		},
		{
			"from": [14, 4, 5],
			"to": [15, 5, 11],
			"rotation": {"angle": 0, "axis": "y", "origin": [14, 4, 7]},
			"faces": {
				"north": {"uv": [0.49231, 3.59184, 0.98462, 3.91837], "texture": "#0"},
				"east": {"uv": [10.58462, 8.97959, 13.53846, 9.30612], "texture": "#0"},
				"south": {"uv": [6.89231, 8.97959, 7.38462, 9.30612], "texture": "#0"},
				"west": {"uv": [0, 0, 1.47692, 0.16327], "texture": "#0"},
				"up": {"uv": [0, 0, 0.24615, 0.97959], "texture": "#0"},
				"down": {"uv": [15.01538, 12.40816, 15.50769, 14.36735], "texture": "#0"}
			}
		},
		{
			"from": [5, 11, 1],
			"to": [11, 12, 15],
			"rotation": {"angle": 0, "axis": "y", "origin": [6, 11, 7]},
			"faces": {
				"north": {"uv": [2.46154, 1.30612, 5.41538, 1.63265], "texture": "#0"},
				"east": {"uv": [8.61538, 6.69388, 15.50769, 7.02041], "texture": "#0"},
				"south": {"uv": [2.46154, 6.69388, 5.41538, 7.02041], "texture": "#0"},
				"west": {"uv": [8.61538, 1.30612, 15.50769, 1.63265], "texture": "#0"},
				"up": {"uv": [2.46154, 11.10204, 5.41538, 15.67347], "texture": "#0"},
				"down": {"uv": [0, 0, 1.47692, 2.28571], "texture": "#0"}
			}
		},
		{
			"from": [3, 11, 2],
			"to": [5, 12, 14],
			"rotation": {"angle": 0, "axis": "y", "origin": [4, 11, 7]},
			"faces": {
				"north": {"uv": [5.41538, 1.30612, 6.4, 1.63265], "texture": "#0"},
				"east": {"uv": [0, 0, 2.95385, 0.16327], "texture": "#0"},
				"south": {"uv": [1.47692, 6.69388, 2.46154, 7.02041], "texture": "#0"},
				"west": {"uv": [9.10769, 1.30612, 15.01538, 1.63265], "texture": "#0"},
				"up": {"uv": [1.47692, 11.42857, 1.96923, 15.34694], "texture": "#0"},
				"down": {"uv": [0, 0, 0.49231, 1.95918], "texture": "#0"}
			}
		},
		{
			"from": [11, 11, 2],
			"to": [13, 12, 14],
			"rotation": {"angle": 0, "axis": "y", "origin": [12, 11, 7]},
			"faces": {
				"north": {"uv": [1.47692, 1.30612, 2.46154, 1.63265], "texture": "#0"},
				"east": {"uv": [9.10769, 6.69388, 15.01538, 7.02041], "texture": "#0"},
				"south": {"uv": [5.41538, 6.69388, 6.4, 7.02041], "texture": "#0"},
				"west": {"uv": [0, 0, 2.95385, 0.16327], "texture": "#0"},
				"up": {"uv": [5.41538, 11.42857, 6.4, 15.34694], "texture": "#0"},
				"down": {"uv": [0, 0, 0.49231, 1.95918], "texture": "#0"}
			}
		},
		{
			"from": [2, 11, 3],
			"to": [3, 12, 13],
			"rotation": {"angle": 0, "axis": "y", "origin": [2, 11, 7]},
			"faces": {
				"north": {"uv": [6.4, 1.30612, 6.89231, 1.63265], "texture": "#0"},
				"east": {"uv": [0, 0, 2.46154, 0.16327], "texture": "#0"},
				"south": {"uv": [0.98462, 6.69388, 1.47692, 7.02041], "texture": "#0"},
				"west": {"uv": [9.6, 1.30612, 14.52308, 1.63265], "texture": "#0"},
				"up": {"uv": [0.98462, 11.7551, 1.47692, 15.02041], "texture": "#0"},
				"down": {"uv": [0, 0, 0.24615, 1.63265], "texture": "#0"}
			}
		},
		{
			"from": [13, 11, 3],
			"to": [14, 12, 13],
			"rotation": {"angle": 0, "axis": "y", "origin": [13, 11, 7]},
			"faces": {
				"north": {"uv": [0.98462, 1.30612, 1.47692, 1.63265], "texture": "#0"},
				"east": {"uv": [9.6, 6.69388, 14.52308, 7.02041], "texture": "#0"},
				"south": {"uv": [6.4, 6.69388, 6.89231, 7.02041], "texture": "#0"},
				"west": {"uv": [0, 0, 2.46154, 0.16327], "texture": "#0"},
				"up": {"uv": [6.4, 11.7551, 6.89231, 15.02041], "texture": "#0"},
				"down": {"uv": [0, 0, 0.24615, 1.63265], "texture": "#0"}
			}
		},
		{
			"from": [1, 11, 5],
			"to": [2, 12, 11],
			"rotation": {"angle": 0, "axis": "y", "origin": [1, 11, 7]},
			"faces": {
				"north": {"uv": [6.89231, 1.30612, 7.38462, 1.63265], "texture": "#0"},
				"east": {"uv": [0, 0, 1.47692, 0.16327], "texture": "#0"},
				"south": {"uv": [0.49231, 6.69388, 0.98462, 7.02041], "texture": "#0"},
				"west": {"uv": [10.58462, 1.30612, 13.53846, 1.63265], "texture": "#0"},
				"up": {"uv": [0.49231, 12.40816, 0.98462, 14.36735], "texture": "#0"},
				"down": {"uv": [0, 0, 0.24615, 0.97959], "texture": "#0"}
			}
		},
		{
			"from": [14, 11, 5],
			"to": [15, 12, 11],
			"rotation": {"angle": 0, "axis": "y", "origin": [14, 11, 7]},
			"faces": {
				"north": {"uv": [0.49231, 1.30612, 0.98462, 1.63265], "texture": "#0"},
				"east": {"uv": [10.58462, 6.69388, 13.53846, 7.02041], "texture": "#0"},
				"south": {"uv": [6.89231, 6.69388, 7.38462, 7.02041], "texture": "#0"},
				"west": {"uv": [0, 0, 1.47692, 0.16327], "texture": "#0"},
				"up": {"uv": [6.89231, 12.40816, 7.38462, 14.36735], "texture": "#0"},
				"down": {"uv": [0, 0, 0.24615, 0.97959], "texture": "#0"}
			}
		},
		{
			"from": [1, 4, 5],
			"to": [2, 5, 11],
			"rotation": {"angle": 0, "axis": "y", "origin": [1, 4, 7]},
			"faces": {
				"north": {"uv": [6.89231, 3.59184, 7.38462, 3.91837], "texture": "#0"},
				"east": {"uv": [0, 0, 1.47692, 0.16327], "texture": "#0"},
				"south": {"uv": [0.49231, 8.97959, 0.98462, 9.30612], "texture": "#0"},
				"west": {"uv": [10.58462, 3.59184, 13.53846, 3.91837], "texture": "#0"},
				"up": {"uv": [0, 0, 0.24615, 0.97959], "texture": "#0"},
				"down": {"uv": [8.61538, 12.40816, 9.10769, 14.36735], "texture": "#0"}
			}
		},
		{
			"from": [13, 4, 3],
			"to": [14, 5, 13],
			"rotation": {"angle": 0, "axis": "y", "origin": [13, 4, 7]},
			"faces": {
				"north": {"uv": [0.98462, 3.59184, 1.47692, 3.91837], "texture": "#0"},
				"east": {"uv": [9.6, 8.97959, 14.52308, 9.30612], "texture": "#0"},
				"south": {"uv": [6.4, 8.97959, 6.89231, 9.30612], "texture": "#0"},
				"west": {"uv": [0, 0, 2.46154, 0.16327], "texture": "#0"},
				"up": {"uv": [0, 0, 0.24615, 1.63265], "texture": "#0"},
				"down": {"uv": [14.52308, 11.7551, 15.01538, 15.02041], "texture": "#0"}
			}
		},
		{
			"from": [11, 4, 2],
			"to": [13, 5, 14],
			"rotation": {"angle": 0, "axis": "y", "origin": [12, 4, 7]},
			"faces": {
				"north": {"uv": [1.47692, 3.59184, 2.46154, 3.91837], "texture": "#0"},
				"east": {"uv": [9.10769, 8.97959, 15.01538, 9.30612], "texture": "#0"},
				"south": {"uv": [5.41538, 8.97959, 6.4, 9.30612], "texture": "#0"},
				"west": {"uv": [0, 0, 2.95385, 0.16327], "texture": "#0"},
				"up": {"uv": [0, 0, 0.49231, 1.95918], "texture": "#0"},
				"down": {"uv": [13.53846, 11.42857, 14.52308, 15.34694], "texture": "#0"}
			}
		},
		{
			"from": [3, 4, 2],
			"to": [5, 5, 14],
			"rotation": {"angle": 0, "axis": "y", "origin": [4, 4, 7]},
			"faces": {
				"north": {"uv": [5.41538, 3.59184, 6.4, 3.91837], "texture": "#0"},
				"east": {"uv": [0, 0, 2.95385, 0.16327], "texture": "#0"},
				"south": {"uv": [1.47692, 8.97959, 2.46154, 9.30612], "texture": "#0"},
				"west": {"uv": [9.10769, 3.59184, 15.01538, 3.91837], "texture": "#0"},
				"up": {"uv": [0, 0, 0.49231, 1.95918], "texture": "#0"},
				"down": {"uv": [9.6, 11.42857, 10.58462, 15.34694], "texture": "#0"}
			}
		},
		{
			"from": [5, 4, 1],
			"to": [11, 5, 15],
			"rotation": {"angle": 0, "axis": "y", "origin": [6, 4, 7]},
			"faces": {
				"north": {"uv": [2.46154, 3.59184, 5.41538, 3.91837], "texture": "#0"},
				"east": {"uv": [8.61538, 8.97959, 15.50769, 9.30612], "texture": "#0"},
				"south": {"uv": [2.46154, 8.97959, 5.41538, 9.30612], "texture": "#0"},
				"west": {"uv": [8.61538, 3.59184, 15.50769, 3.91837], "texture": "#0"},
				"up": {"uv": [0, 0, 1.47692, 2.28571], "texture": "#0"},
				"down": {"uv": [10.58462, 11.10204, 13.53846, 15.67347], "texture": "#0"}
			}
		},
		{
			"from": [2, 4, 3],
			"to": [3, 5, 13],
			"rotation": {"angle": 0, "axis": "y", "origin": [2, 4, 7]},
			"faces": {
				"north": {"uv": [6.4, 3.59184, 6.89231, 3.91837], "texture": "#0"},
				"east": {"uv": [0, 0, 2.46154, 0.16327], "texture": "#0"},
				"south": {"uv": [0.98462, 8.97959, 1.47692, 9.30612], "texture": "#0"},
				"west": {"uv": [9.6, 3.59184, 14.52308, 3.91837], "texture": "#0"},
				"up": {"uv": [0, 0, 0.24615, 1.63265], "texture": "#0"},
				"down": {"uv": [9.10769, 11.7551, 9.6, 15.02041], "texture": "#0"}
			}
		},
		{
			"from": [1, 3, 7],
			"to": [2, 4, 9],
			"rotation": {"angle": 0, "axis": "y", "origin": [1, 3, 7]},
			"faces": {
				"north": {"uv": [6.89231, 3.91837, 7.38462, 4.2449], "texture": "#0"},
				"east": {"uv": [0, 0, 0.49231, 0.16327], "texture": "#0"},
				"south": {"uv": [0.49231, 9.30612, 0.98462, 9.63265], "texture": "#0"},
				"west": {"uv": [11.56923, 3.91837, 12.55385, 4.2449], "texture": "#0"},
				"up": {"uv": [0, 0, 0.24615, 0.32653], "texture": "#0"},
				"down": {"uv": [8.61538, 13.06122, 9.10769, 13.71429], "texture": "#0"}
			}
		},
		{
			"from": [7, 12, 1],
			"to": [9, 13, 15],
			"rotation": {"angle": 0, "axis": "y", "origin": [9, 12, 7]},
			"faces": {
				"north": {"uv": [3.44615, 0.97959, 4.43077, 1.30612], "texture": "#0"},
				"east": {"uv": [8.61538, 6.36735, 15.50769, 6.69388], "texture": "#0"},
				"south": {"uv": [3.44615, 6.36735, 4.43077, 6.69388], "texture": "#0"},
				"west": {"uv": [8.61538, 0.97959, 15.50769, 1.30612], "texture": "#0"},
				"up": {"uv": [3.44615, 11.10204, 4.43077, 15.67347], "texture": "#0"},
				"down": {"uv": [0, 0, 0.49231, 2.28571], "texture": "#0"}
			}
		},
		{
			"from": [4, 12, 2],
			"to": [7, 13, 14],
			"rotation": {"angle": 0, "axis": "y", "origin": [6, 12, 7]},
			"faces": {
				"north": {"uv": [4.43077, 0.97959, 5.90769, 1.30612], "texture": "#0"},
				"east": {"uv": [0, 0, 2.95385, 0.16327], "texture": "#0"},
				"south": {"uv": [1.96923, 6.36735, 3.44615, 6.69388], "texture": "#0"},
				"west": {"uv": [9.10769, 0.97959, 15.01538, 1.30612], "texture": "#0"},
				"up": {"uv": [1.96923, 11.42857, 3.44615, 15.34694], "texture": "#0"},
				"down": {"uv": [0, 0, 0.73846, 1.95918], "texture": "#0"}
			}
		},
		{
			"from": [9, 12, 2],
			"to": [12, 13, 14],
			"rotation": {"angle": 0, "axis": "y", "origin": [11, 12, 7]},
			"faces": {
				"north": {"uv": [1.96923, 0.97959, 3.44615, 1.30612], "texture": "#0"},
				"east": {"uv": [9.10769, 6.36735, 15.01538, 6.69388], "texture": "#0"},
				"south": {"uv": [4.43077, 6.36735, 5.90769, 6.69388], "texture": "#0"},
				"west": {"uv": [0, 0, 2.95385, 0.16327], "texture": "#0"},
				"up": {"uv": [4.43077, 11.42857, 5.90769, 15.34694], "texture": "#0"},
				"down": {"uv": [0, 0, 0.73846, 1.95918], "texture": "#0"}
			}
		},
		{
			"from": [12, 12, 3],
			"to": [13, 13, 13],
			"rotation": {"angle": 0, "axis": "y", "origin": [12, 12, 7]},
			"faces": {
				"north": {"uv": [1.47692, 0.97959, 1.96923, 1.30612], "texture": "#0"},
				"east": {"uv": [9.6, 6.36735, 14.52308, 6.69388], "texture": "#0"},
				"south": {"uv": [5.90769, 6.36735, 6.4, 6.69388], "texture": "#0"},
				"west": {"uv": [0, 0, 2.46154, 0.16327], "texture": "#0"},
				"up": {"uv": [5.90769, 11.7551, 6.4, 15.02041], "texture": "#0"},
				"down": {"uv": [0, 0, 0.24615, 1.63265], "texture": "#0"}
			}
		},
		{
			"from": [3, 12, 3],
			"to": [4, 13, 13],
			"rotation": {"angle": 0, "axis": "y", "origin": [3, 12, 7]},
			"faces": {
				"north": {"uv": [5.90769, 0.97959, 6.4, 1.30612], "texture": "#0"},
				"east": {"uv": [0, 0, 2.46154, 0.16327], "texture": "#0"},
				"south": {"uv": [1.47692, 6.36735, 1.96923, 6.69388], "texture": "#0"},
				"west": {"uv": [9.6, 0.97959, 14.52308, 1.30612], "texture": "#0"},
				"up": {"uv": [1.47692, 11.7551, 1.96923, 15.02041], "texture": "#0"},
				"down": {"uv": [0, 0, 0.24615, 1.63265], "texture": "#0"}
			}
		},
		{
			"from": [2, 12, 4],
			"to": [3, 13, 12],
			"rotation": {"angle": 0, "axis": "y", "origin": [2, 12, 7]},
			"faces": {
				"north": {"uv": [6.4, 0.97959, 6.89231, 1.30612], "texture": "#0"},
				"east": {"uv": [0, 0, 1.96923, 0.16327], "texture": "#0"},
				"south": {"uv": [0.98462, 6.36735, 1.47692, 6.69388], "texture": "#0"},
				"west": {"uv": [10.09231, 0.97959, 14.03077, 1.30612], "texture": "#0"},
				"up": {"uv": [0.98462, 12.08163, 1.47692, 14.69388], "texture": "#0"},
				"down": {"uv": [0, 0, 0.24615, 1.30612], "texture": "#0"}
			}
		},
		{
			"from": [13, 12, 4],
			"to": [14, 13, 12],
			"rotation": {"angle": 0, "axis": "y", "origin": [13, 12, 7]},
			"faces": {
				"north": {"uv": [0.98462, 0.97959, 1.47692, 1.30612], "texture": "#0"},
				"east": {"uv": [10.09231, 6.36735, 14.03077, 6.69388], "texture": "#0"},
				"south": {"uv": [6.4, 6.36735, 6.89231, 6.69388], "texture": "#0"},
				"west": {"uv": [0, 0, 1.96923, 0.16327], "texture": "#0"},
				"up": {"uv": [6.4, 12.08163, 6.89231, 14.69388], "texture": "#0"},
				"down": {"uv": [0, 0, 0.24615, 1.30612], "texture": "#0"}
			}
		},
		{
			"from": [1, 12, 7],
			"to": [2, 13, 9],
			"rotation": {"angle": 0, "axis": "y", "origin": [1, 12, 7]},
			"faces": {
				"north": {"uv": [6.89231, 0.97959, 7.38462, 1.30612], "texture": "#0"},
				"east": {"uv": [0, 0, 0.49231, 0.16327], "texture": "#0"},
				"south": {"uv": [0.49231, 6.36735, 0.98462, 6.69388], "texture": "#0"},
				"west": {"uv": [11.56923, 0.97959, 12.55385, 1.30612], "texture": "#0"},
				"up": {"uv": [0.49231, 13.06122, 0.98462, 13.71429], "texture": "#0"},
				"down": {"uv": [0, 0, 0.24615, 0.32653], "texture": "#0"}
			}
		},
		{
			"from": [14, 12, 7],
			"to": [15, 13, 9],
			"rotation": {"angle": 0, "axis": "y", "origin": [14, 12, 7]},
			"faces": {
				"north": {"uv": [0.49231, 0.97959, 0.98462, 1.30612], "texture": "#0"},
				"east": {"uv": [11.56923, 6.36735, 12.55385, 6.69388], "texture": "#0"},
				"south": {"uv": [7.38462, 6.36735, 7.87692, 6.69388], "texture": "#0"},
				"west": {"uv": [0, 0, 0.49231, 0.16327], "texture": "#0"},
				"up": {"uv": [6.89231, 13.06122, 7.38462, 13.71429], "texture": "#0"},
				"down": {"uv": [0, 0, 0.24615, 0.32653], "texture": "#0"}
			}
		},
		{
			"from": [14, 3, 7],
			"to": [15, 4, 9],
			"rotation": {"angle": 0, "axis": "y", "origin": [14, 3, 7]},
			"faces": {
				"north": {"uv": [0.49231, 3.91837, 0.98462, 4.2449], "texture": "#0"},
				"east": {"uv": [11.56923, 9.30612, 12.55385, 9.63265], "texture": "#0"},
				"south": {"uv": [6.89231, 9.30612, 7.38462, 9.63265], "texture": "#0"},
				"west": {"uv": [0, 0, 0.49231, 0.16327], "texture": "#0"},
				"up": {"uv": [0, 0, 0.24615, 0.32653], "texture": "#0"},
				"down": {"uv": [15.01538, 13.06122, 15.50769, 13.71429], "texture": "#0"}
			}
		},
		{
			"from": [13, 3, 4],
			"to": [14, 4, 12],
			"rotation": {"angle": 0, "axis": "y", "origin": [13, 3, 7]},
			"faces": {
				"north": {"uv": [0.98462, 3.91837, 1.47692, 4.2449], "texture": "#0"},
				"east": {"uv": [10.09231, 9.30612, 14.03077, 9.63265], "texture": "#0"},
				"south": {"uv": [6.4, 9.30612, 6.89231, 9.63265], "texture": "#0"},
				"west": {"uv": [0, 0, 1.96923, 0.16327], "texture": "#0"},
				"up": {"uv": [0, 0, 0.24615, 1.30612], "texture": "#0"},
				"down": {"uv": [14.52308, 12.08163, 15.01538, 14.69388], "texture": "#0"}
			}
		},
		{
			"from": [2, 3, 4],
			"to": [3, 4, 12],
			"rotation": {"angle": 0, "axis": "y", "origin": [2, 3, 7]},
			"faces": {
				"north": {"uv": [6.4, 3.91837, 6.89231, 4.2449], "texture": "#0"},
				"east": {"uv": [0, 0, 1.96923, 0.16327], "texture": "#0"},
				"south": {"uv": [0.98462, 9.30612, 1.47692, 9.63265], "texture": "#0"},
				"west": {"uv": [10.09231, 3.91837, 14.03077, 4.2449], "texture": "#0"},
				"up": {"uv": [0, 0, 0.24615, 1.30612], "texture": "#0"},
				"down": {"uv": [9.10769, 12.08163, 9.6, 14.69388], "texture": "#0"}
			}
		},
		{
			"from": [3, 3, 3],
			"to": [4, 4, 13],
			"rotation": {"angle": 0, "axis": "y", "origin": [3, 3, 7]},
			"faces": {
				"north": {"uv": [5.90769, 3.91837, 6.4, 4.2449], "texture": "#0"},
				"east": {"uv": [0, 0, 2.46154, 0.16327], "texture": "#0"},
				"south": {"uv": [1.47692, 9.30612, 1.96923, 9.63265], "texture": "#0"},
				"west": {"uv": [9.6, 3.91837, 14.52308, 4.2449], "texture": "#0"},
				"up": {"uv": [0, 0, 0.24615, 1.63265], "texture": "#0"},
				"down": {"uv": [9.6, 11.7551, 10.09231, 15.02041], "texture": "#0"}
			}
		},
		{
			"from": [12, 3, 3],
			"to": [13, 4, 13],
			"rotation": {"angle": 0, "axis": "y", "origin": [12, 3, 7]},
			"faces": {
				"north": {"uv": [1.47692, 3.91837, 1.96923, 4.2449], "texture": "#0"},
				"east": {"uv": [9.6, 9.30612, 14.52308, 9.63265], "texture": "#0"},
				"south": {"uv": [5.90769, 9.30612, 6.4, 9.63265], "texture": "#0"},
				"west": {"uv": [0, 0, 2.46154, 0.16327], "texture": "#0"},
				"up": {"uv": [0, 0, 0.24615, 1.63265], "texture": "#0"},
				"down": {"uv": [14.03077, 11.7551, 14.52308, 15.02041], "texture": "#0"}
			}
		},
		{
			"from": [9, 3, 2],
			"to": [12, 4, 14],
			"rotation": {"angle": 0, "axis": "y", "origin": [11, 3, 7]},
			"faces": {
				"north": {"uv": [1.96923, 3.91837, 3.44615, 4.2449], "texture": "#0"},
				"east": {"uv": [9.10769, 9.30612, 15.01538, 9.63265], "texture": "#0"},
				"south": {"uv": [4.43077, 9.30612, 5.90769, 9.63265], "texture": "#0"},
				"west": {"uv": [0, 0, 2.95385, 0.16327], "texture": "#0"},
				"up": {"uv": [0, 0, 0.73846, 1.95918], "texture": "#0"},
				"down": {"uv": [12.55385, 11.42857, 14.03077, 15.34694], "texture": "#0"}
			}
		},
		{
			"from": [4, 3, 2],
			"to": [7, 4, 14],
			"rotation": {"angle": 0, "axis": "y", "origin": [6, 3, 7]},
			"faces": {
				"north": {"uv": [4.43077, 3.91837, 5.90769, 4.2449], "texture": "#0"},
				"east": {"uv": [0, 0, 2.95385, 0.16327], "texture": "#0"},
				"south": {"uv": [1.96923, 9.30612, 3.44615, 9.63265], "texture": "#0"},
				"west": {"uv": [9.10769, 3.91837, 15.01538, 4.2449], "texture": "#0"},
				"up": {"uv": [0, 0, 0.73846, 1.95918], "texture": "#0"},
				"down": {"uv": [10.09231, 11.42857, 11.56923, 15.34694], "texture": "#0"}
			}
		},
		{
			"from": [7, 3, 1],
			"to": [9, 4, 15],
			"rotation": {"angle": 0, "axis": "y", "origin": [9, 3, 7]},
			"faces": {
				"north": {"uv": [3.44615, 3.91837, 4.43077, 4.2449], "texture": "#0"},
				"east": {"uv": [8.61538, 9.30612, 15.50769, 9.63265], "texture": "#0"},
				"south": {"uv": [3.44615, 9.30612, 4.43077, 9.63265], "texture": "#0"},
				"west": {"uv": [8.61538, 3.91837, 15.50769, 4.2449], "texture": "#0"},
				"up": {"uv": [0, 0, 0.49231, 2.28571], "texture": "#0"},
				"down": {"uv": [11.56923, 11.10204, 12.55385, 15.67347], "texture": "#0"}
			}
		},
		{
			"from": [3, 2, 4],
			"to": [4, 3, 12],
			"rotation": {"angle": 0, "axis": "y", "origin": [3, 2, 6]},
			"faces": {
				"north": {"uv": [5.90769, 4.2449, 6.4, 4.57143], "texture": "#0"},
				"east": {"uv": [0, 0, 1.96923, 0.16327], "texture": "#0"},
				"south": {"uv": [1.47692, 9.63265, 1.96923, 9.95918], "texture": "#0"},
				"west": {"uv": [10.09231, 4.2449, 14.03077, 4.57143], "texture": "#0"},
				"up": {"uv": [0, 0, 0.24615, 1.30612], "texture": "#0"},
				"down": {"uv": [9.6, 12.08163, 10.09231, 14.69388], "texture": "#0"}
			}
		},
		{
			"from": [12, 2, 4],
			"to": [13, 3, 12],
			"rotation": {"angle": 0, "axis": "y", "origin": [12, 2, 6]},
			"faces": {
				"north": {"uv": [1.47692, 4.2449, 1.96923, 4.57143], "texture": "#0"},
				"east": {"uv": [10.09231, 9.63265, 14.03077, 9.95918], "texture": "#0"},
				"south": {"uv": [5.90769, 9.63265, 6.4, 9.95918], "texture": "#0"},
				"west": {"uv": [0, 0, 1.96923, 0.16327], "texture": "#0"},
				"up": {"uv": [0, 0, 0.24615, 1.30612], "texture": "#0"},
				"down": {"uv": [14.03077, 12.08163, 14.52308, 14.69388], "texture": "#0"}
			}
		},
		{
			"from": [4, 2, 3],
			"to": [6, 3, 13],
			"rotation": {"angle": 0, "axis": "y", "origin": [4, 2, 5]},
			"faces": {
				"north": {"uv": [4.92308, 4.2449, 5.90769, 4.57143], "texture": "#0"},
				"east": {"uv": [0, 0, 2.46154, 0.16327], "texture": "#0"},
				"south": {"uv": [1.96923, 9.63265, 2.95385, 9.95918], "texture": "#0"},
				"west": {"uv": [9.6, 4.57143, 14.52308, 4.2449], "texture": "#0"},
				"up": {"uv": [0, 0, 0.49231, 1.63265], "texture": "#0"},
				"down": {"uv": [10.09231, 11.7551, 11.07692, 15.02041], "texture": "#0"}
			}
		},
		{
			"from": [10, 2, 3],
			"to": [12, 3, 13],
			"rotation": {"angle": 0, "axis": "y", "origin": [10, 2, 5]},
			"faces": {
				"north": {"uv": [1.96923, 4.2449, 2.95385, 4.57143], "texture": "#0"},
				"east": {"uv": [9.6, 9.63265, 14.52308, 9.95918], "texture": "#0"},
				"south": {"uv": [4.92308, 9.63265, 5.90769, 9.95918], "texture": "#0"},
				"west": {"uv": [0, 0, 2.46154, 0.16327], "texture": "#0"},
				"up": {"uv": [0, 0, 0.49231, 1.63265], "texture": "#0"},
				"down": {"uv": [13.04615, 11.7551, 14.03077, 15.02041], "texture": "#0"}
			}
		},
		{
			"from": [6, 2, 2],
			"to": [10, 3, 14],
			"rotation": {"angle": 0, "axis": "y", "origin": [7, 2, 5]},
			"faces": {
				"north": {"uv": [2.95385, 4.2449, 4.92308, 4.57143], "texture": "#0"},
				"east": {"uv": [9.10769, 9.63265, 15.01538, 9.95918], "texture": "#0"},
				"south": {"uv": [2.95385, 9.63265, 4.92308, 9.95918], "texture": "#0"},
				"west": {"uv": [9.10769, 4.2449, 15.01538, 4.57143], "texture": "#0"},
				"up": {"uv": [0, 0, 0.98462, 1.95918], "texture": "#0"},
				"down": {"uv": [11.07692, 11.42857, 13.04615, 15.34694], "texture": "#0"}
			}
		}
	],
	"display": {
		"thirdperson_righthand": {
			"rotation": [68, 0, 0],
			"translation": [0, 5.25, 0],
			"scale": [0.5, 0.5, 0.5]
		},
		"thirdperson_lefthand": {
			"rotation": [76, 0, 0],
			"translation": [0, 4.5, 0],
			"scale": [0.5, 0.5, 0.5]
		},
		"firstperson_righthand": {
			"rotation": [29, -17, 0],
			"translation": [-0.25, -0.25, -3.25],
			"scale": [0.75, 0.75, 0.75]
		},
		"firstperson_lefthand": {
			"rotation": [29, -17, 0],
			"translation": [-0.25, -0.25, -3.25],
			"scale": [0.75, 0.75, 0.75]
		},
		"ground": {
			"translation": [0, 4.25, 0]
		},
		"head": {
			"scale": [1.5, 1.5, 1]
		}
	}
}